1,0,1,"[0, 0, 0]","[0, 0, 0]","[0, 0, 0]","[0, 0, 0]","[0, 0, 0]","[0, 0, 0]","[0, 0, 0]","[0, 0, 0]","[0, 0, 0]","[0, 0, 0]","[0, 0, 0]","[0, 0, 0]","[0, 0, 0]","[0, 0, 0]","[0, 0, 0]","[0, 0, 0]","[0, 0, 0]"
1,1,1,"[0, 0, 0]","[0, 0, 0]","[0, 0, 0]","[0, 0, 0]","[0, 0, 0]","[0, 0, 0]","[0, 0, 0]","[0, 0, 0]","[0, 0, 0]","[0, 0, 0]","[0, 0, 0]","[0, 0, 0]","[0, 0, 0]","[0, 0, 0]","[0, 0, 0]","[0, 0, 0]","[0, 0, 0]"
1,2,1,"[0, 0, 0]","[0, 0, 0]","[0, 0, 0]","[0, 0, 0]","[0, 0, 0]","[0, 0, 0]","[0, 0, 0]","[0, 0, 0]","[0, 0, 0]","[0, 0, 0]","[0, 0, 0]","[0, 0, 0]","[0, 0, 0]","[0, 0, 0]","[0, 0, 0]","[0, 0, 0]","[0, 0, 0]"
1,3,1,"[0, 0, 0]","[0, 0, 0]","[0, 0, 0]","[0, 0, 0]","[0, 0, 0]","[0, 0, 0]","[0, 0, 0]","[0, 0, 0]","[0, 0, 0]","[0, 0, 0]","[0, 0, 0]","[0, 0, 0]","[0, 0, 0]","[0, 0, 0]","[0, 0, 0]","[0, 0, 0]","[0, 0, 0]"
1,4,1,"[88.94531, -10.5390625, 109]","[84.02344, -12.8828125, 104]","[89.17969, -12.8828125, 109]","[84.49219, -0.4609375, 15]","[84.02344, -10.5390625, 105]","[100.19531, 4.4609375, 189]","[104.41406, -11.0078125, 169]","[126.21094, 13.1328125, 194]","[126.21094, 8.4453125, 186]","[150.35156, 15.0078125, 189]","[149.17969, 14.5390625, 188]","[146.60156, 2.3515625, 187]","[141.21094, -10.7734375, 172]","[177.53906, 8.9140625, 181]","[174.25781, -10.3046875, 161]","[208.94531, 14.7734375, 184]","[199.10156, 13.8359375, 182]"
1,5,1,"[90.11719, 10.7890625, 189]","[86.36719, 13.6015625, 188]","[85.89844, 7.5078125, 191]","[86.13281, 15.7109375, 191]","[80.50781, -4.2109375, 101]","[97.38281, 18.992188, 191]","[100.19531, -11.7109375, 137]","[125.27344, 30.945312, 184]","[132.30469, -8.4296875, 166]","[149.64844, 35.164062, 190]","[163.24219, -3.5078125, 154]","[153.63281, 20.867188, 194]","[155.27344, -2.3359375, 156]","[195.82031, 22.039062, 188]","[199.80469, -0.4609375, 14]","[230.03906, -8.6640625, 125]","[229.57031, -8.6640625, 128]"
1,6,1,"[86.60156, 37.039062, 197]","[83.55469, 39.382812, 198]","[82.61719, 33.992188, 194]","[84.72656, 39.382812, 198]","[76.05469, 23.679688, 195]","[93.39844, 39.617188, 197]","[92.92969, 7.0390625, 187]","[124.33594, 48.054688, 198]","[131.83594, 9.8515625, 184]","[150.35156, 53.679688, 190]","[162.53906, 26.960938, 182]","[149.88281, 38.210938, 189]","[152.22656, 15.0078125, 185]","[193.47656, 49.929688, 190]","[196.05469, 21.570312, 185]","[222.77344, 52.273438, 184]","[225.82031, 21.570312, 184]"
1,7,1,"[85.66406, 49.695312, 193]","[81.91406, 51.804688, 191]","[80.97656, 46.179688, 193]","[83.78906, 52.039062, 192]","[75.35156, 36.335938, 194]","[94.33594, 50.632812, 195]","[93.63281, 19.695312, 185]","[125.74219, 59.070312, 184]","[131.13281, 19.695312, 187]","[152.22656, 64.69531, 196]","[162.07031, 34.460938, 191]","[148.24219, 50.632812, 193]","[151.28906, 26.726562, 189]","[194.41406, 60.710938, 193]","[196.75781, 39.617188, 193]","[226.28906, 60.476562, 187]","[225.82031, 41.257812, 196]"
1,8,1,"[83.32031, 59.539062, 194]","[79.33594, 61.414062, 193]","[78.39844, 56.023438, 193]","[69.72656, 45.710938, 193]","[71.13281, 45.945312, 194]","[91.99219, 60.710938, 191]","[90.82031, 27.898438, 178]","[124.10156, 70.55469, 192]","[128.08594, 29.304688, 187]","[150.82031, 78.05469, 191]","[159.25781, 45.945312, 193]","[144.72656, 61.882812, 190]","[147.77344, 36.804688, 189]","[191.60156, 70.55469, 181]","[196.28906, 52.507812, 186]","[223.47656, 80.16406, 187]","[233.55469, 59.539062, 187]"
1,9,1,"[82.14844, 67.27344, 191]","[78.63281, 70.32031, 192]","[76.99219, 64.46094, 190]","[80.50781, 75.94531, 195]","[71.36719, 54.148438, 192]","[89.88281, 68.44531, 188]","[88.71094, 37.507812, 196]","[121.52344, 80.39844, 185]","[126.91406, 41.492188, 196]","[147.53906, 90.24219, 189]","[155.74219, 58.601562, 191]","[141.21094, 64.46094, 186]","[144.72656, 43.367188, 189]","[186.44531, 81.80469, 188]","[191.60156, 64.69531, 190]","[221.83594, 87.66406, 193]","[226.05469, 74.07031, 187]"
1,10,1,"[82.14844, 76.88281, 198]","[78.16406, 78.75781, 196]","[76.99219, 73.36719, 195]","[69.02344, 62.585938, 191]","[69.02344, 62.585938, 191]","[90.82031, 76.41406, 202]","[88.47656, 45.476562, 191]","[120.11719, 87.89844, 190]","[126.21094, 48.054688, 190]","[146.60156, 101.49219, 186]","[157.14844, 68.67969, 191]","[147.77344, 76.64844, 194]","[149.88281, 52.742188, 193]","[191.36719, 84.85156, 182]","[196.75781, 70.32031, 187]","[226.52344, 86.49219, 188]","[226.75781, 74.07031, 195]"
1,11,1,"[81.21094, 85.08594, 195]","[77.69531, 86.72656, 196]","[76.05469, 81.57031, 197]","[67.14844, 70.32031, 195]","[68.32031, 70.08594, 196]","[90.11719, 84.38281, 194]","[89.88281, 52.976562, 194]","[120.82031, 95.39844, 171]","[129.25781, 57.429688, 189]","[147.77344, 106.64844, 185]","[160.66406, 75.71094, 192]","[146.13281, 84.85156, 188]","[147.30469, 61.648438, 186]","[189.25781, 91.41406, 184]","[195.58594, 78.52344, 189]","[218.32031, 91.17969, 187]","[221.83594, 82.50781, 187]"
1,12,1,"[79.10156, 93.52344, 185]","[74.41406, 94.46094, 185]","[73.71094, 89.77344, 191]","[65.03906, 78.05469, 194]","[65.97656, 78.05469, 194]","[87.53906, 93.05469, 183]","[86.83594, 61.414062, 195]","[121.28906, 101.72656, 176]","[127.85156, 62.820312, 184]","[148.24219, 109.92969, 184]","[161.83594, 82.27344, 194]","[145.42969, 94.46094, 185]","[148.00781, 70.55469, 189]","[187.38281, 102.89844, 184]","[193.24219, 83.44531, 188]","[211.52344, 109.22656, 191]","[226.28906, 82.50781, 197]"
1,13,1,"[76.52344, 103.13281, 187]","[71.83594, 104.07031, 189]","[70.66406, 99.61719, 187]","[61.757812, 87.66406, 193]","[62.929688, 87.89844, 192]","[85.89844, 101.25781, 180]","[83.55469, 71.25781, 190]","[120.35156, 108.75781, 172]","[125.50781, 73.36719, 189]","[147.07031, 114.61719, 188]","[160.89844, 90.71094, 187]","[141.44531, 99.85156, 182]","[143.32031, 78.99219, 190]","[185.03906, 117.66406, 188]","[189.72656, 90.00781, 188]","[227.22656, 108.75781, 195]","[227.69531, 90.94531, 193]"
1,14,1,"[75.82031, 115.55469, 190]","[71.13281, 116.25781, 190]","[70.19531, 112.27344, 190]","[61.289062, 99.85156, 187]","[61.992188, 99.85156, 187]","[84.96094, 112.27344, 181]","[81.91406, 82.50781, 187]","[118.00781, 119.30469, 170]","[124.57031, 84.85156, 187]","[146.13281, 124.69531, 185]","[161.60156, 102.42969, 187]","[142.61719, 111.80469, 184]","[144.02344, 90.94531, 186]","[195.11719, 127.27344, 191]","[200.97656, 95.86719, 189]","[237.53906, 138.52344, 184]","[237.30469, 94.22656, 186]"
1,15,1,"[75.35156, 129.38281, 186]","[70.66406, 130.08594, 187]","[69.72656, 126.33594, 186]","[59.648438, 113.44531, 183]","[61.054688, 113.91406, 183]","[84.72656, 124.22656, 177]","[82.61719, 96.80469, 182]","[118.00781, 132.66406, 173]","[123.63281, 98.44531, 172]","[148.00781, 137.82031, 185]","[161.13281, 115.55469, 190]","[145.19531, 124.69531, 184]","[146.83594, 103.13281, 185]","[196.75781, 135.24219, 189]","[197.69531, 106.41406, 192]","[238.00781, 144.61719, 184]","[237.30469, 97.27344, 187]"
1,16,1,"[73.24219, 143.67969, 170]","[68.32031, 145.08594, 178]","[66.91406, 140.63281, 172]","[57.539062, 128.44531, 180]","[58.242188, 128.44531, 180]","[82.85156, 138.28906, 176]","[79.33594, 109.22656, 187]","[118.71094, 146.49219, 175]","[122.22656, 112.03906, 172]","[148.94531, 154.22656, 183]","[158.32031, 131.72656, 193]","[144.49219, 138.05469, 182]","[147.53906, 115.78906, 185]","[198.39844, 146.02344, 181]","[197.22656, 126.80469, 196]","[238.00781, 146.25781, 184]","[231.21094, 108.52344, 187]"
1,17,1,"[69.96094, 154.46094, 183]","[65.97656, 156.33594, 181]","[63.867188, 152.58594, 181]","[53.789062, 139.92969, 183]","[54.726562, 140.16406, 183]","[80.74219, 149.30469, 182]","[76.52344, 120.94531, 188]","[116.13281, 158.91406, 175]","[118.24219, 123.05469, 168]","[145.89844, 170.63281, 182]","[153.86719, 146.25781, 186]","[137.69531, 150.94531, 180]","[143.32031, 126.10156, 183]","[195.58594, 151.64844, 179]","[194.17969, 149.53906, 180]","[237.30469, 135.00781, 184]","[237.77344, 146.02344, 184]"
1,18,1,"[67.61719, 166.17969, 185]","[63.398438, 168.75781, 182]","[61.054688, 163.60156, 183]","[51.679688, 151.17969, 184]","[52.382812, 151.17969, 184]","[79.33594, 160.08594, 187]","[73.71094, 131.49219, 188]","[114.96094, 170.39844, 177]","[118.94531, 132.89844, 170]","[143.32031, 185.86719, 181]","[152.92969, 158.67969, 185]","[144.72656, 152.11719, 181]","[145.89844, 133.36719, 184]","[196.75781, 155.63281, 179]","[194.41406, 158.91406, 179]","[238.00781, 146.96094, 184]","[238.24219, 165.00781, 175]"
1,19,1,"[67.61719, 177.66406, 182]","[62.695312, 180.47656, 182]","[60.820312, 175.55469, 184]","[50.507812, 162.42969, 183]","[51.679688, 162.89844, 183]","[79.57031, 169.92969, 177]","[73.47656, 142.74219, 189]","[115.66406, 180.00781, 180]","[120.58594, 146.25781, 174]","[144.25781, 195.71094, 186]","[156.44531, 168.05469, 185]","[146.13281, 168.75781, 182]","[151.28906, 150.24219, 185]","[198.39844, 159.85156, 179]","[198.16406, 170.39844, 179]","[237.77344, 147.89844, 183]","[238.24219, 179.07031, 155]"
1,20,1,"[64.33594, 189.38281, 180]","[59.648438, 192.19531, 185]","[57.539062, 187.03906, 185]","[47.929688, 173.67969, 185]","[48.398438, 173.91406, 184]","[76.05469, 180.24219, 184]","[72.30469, 154.92969, 190]","[112.85156, 188.91406, 181]","[118.24219, 157.97656, 177]","[144.25781, 201.57031, 188]","[160.89844, 177.19531, 187]","[148.24219, 183.99219, 183]","[149.17969, 163.13281, 184]","[200.97656, 182.35156, 165]","[201.44531, 179.07031, 171]","[231.44531, 157.74219, 180]","[238.24219, 183.28906, 156]"
1,21,1,"[60.585938, 202.27344, 107]","[55.664062, 204.85156, 109]","[53.320312, 200.16406, 15]","[44.648438, 187.03906, 204]","[44.648438, 187.03906, 204]","[71.36719, 188.67969, 184]","[69.72656, 167.58594, 181]","[110.97656, 196.64844, 181]","[117.30469, 171.80469, 177]","[143.78906, 207.19531, 189]","[159.72656, 191.02344, 193]","[142.85156, 183.52344, 181]","[146.60156, 170.39844, 181]","[191.36719, 207.19531, 147]","[200.74219, 185.63281, 161]","[223.47656, 195.47656, 141]","[238.24219, 186.33594, 153]"
1,22,1,"[58.710938, 217.97656, 104]","[53.554688, 219.61719, 104]","[51.445312, 216.10156, 104]","[47.695312, 197.82031, 181]","[42.070312, 203.21094, 112]","[69.72656, 200.39844, 108]","[67.61719, 183.28906, 182]","[112.14844, 206.72656, 181]","[117.07031, 189.38281, 181]","[143.08594, 215.86719, 184]","[160.19531, 209.30469, 188]","[145.42969, 200.16406, 193]","[146.13281, 183.28906, 182]","[192.07031, 224.07031, 146]","[199.57031, 191.02344, 146]","[234.02344, 224.30469, 123]","[237.77344, 189.38281, 152]"
1,23,1,"[58.945312, 235.55469, 100]","[54.726562, 236.25781, 101]","[51.210938, 234.14844, 102]","[40.898438, 221.96094, 102]","[41.601562, 221.49219, 102]","[69.02344, 212.82031, 104]","[65.74219, 200.16406, 109]","[115.19531, 219.61719, 182]","[116.83594, 207.42969, 181]","[146.36719, 229.69531, 174]","[159.25781, 228.28906, 171]","[145.66406, 210.94531, 189]","[147.30469, 198.99219, 189]","[196.75781, 233.44531, 147]","[200.74219, 204.61719, 134]","[237.07031, 239, 122]","[235.42969, 198.05469, 131]"
1,24,1,"[56.835938, 239, 101]","[51.679688, 239, 100]","[49.101562, 239, 100]","[38.789062, 239, 103]","[39.023438, 239, 14]","[65.03906, 228.99219, 102]","[64.10156, 220.78906, 102]","[111.44531, 234.61719, 172]","[111.67969, 227.82031, 181]","[147.53906, 239, 154]","[154.33594, 239, 154]","[146.13281, 223.36719, 178]","[150.11719, 220.78906, 179]","[194.64844, 239, 154]","[203.55469, 237.19531, 142]","[234.02344, 239, 124]","[236.83594, 239, 122]"
1,25,1,"[53.085938, 239, 102]","[48.164062, 239, 102]","[45.351562, 239, 102]","[34.570312, 239, 105]","[34.804688, 239, 105]","[56.835938, 238.60156, 101]","[57.539062, 238.36719, 101]","[103.71094, 239, 133]","[109.33594, 239, 154]","[144.72656, 239, 151]","[153.16406, 239, 150]","[138.63281, 239.53906, 151]","[141.91406, 234.38281, 161]","[195.11719, 239, 157]","[198.16406, 239, 157]","[235.66406, 239, 125]","[237.07031, 239, 122]"
1,26,1,"[50.039062, 239, 101]","[44.882812, 239, 100]","[41.835938, 239, 100]","[31.289062, 239, 102]","[31.054688, 239, 102]","[53.085938, 239, 102]","[54.257812, 239, 102]","[100.89844, 239, 125]","[108.63281, 239, 151]","[150.11719, 239, 154]","[144.49219, 239, 157]","[138.16406, 239, 156]","[140.27344, 239, 157]","[196.05469, 239, 154]","[198.16406, 239, 154]","[171.91406, 239, 154]","[174.49219, 239, 154]"
1,27,1,"[48.632812, 239, 100]","[43.945312, 239, 103]","[40.664062, 239, 102]","[28.476562, 239, 104]","[29.648438, 239, 104]","[52.148438, 239, 100]","[52.851562, 239, 100]","[102.07031, 239, 132]","[106.28906, 239, 154]","[143.08594, 239, 156]","[141.91406, 239, 156]","[139.33594, 239, 156]","[141.91406, 239, 156]","[196.52344, 239, 154]","[199.10156, 239, 154]","[239.88281, 239, 124]","[238.24219, 239, 125]"
1,28,1,"[46.289062, 239, 103]","[39.960938, 239, 15]","[38.320312, 239, 102]","[26.367188, 239, 102]","[26.835938, 239, 102]","[49.101562, 239, 102]","[52.851562, 239, 102]","[109.57031, 239, 156]","[107.92969, 239, 151]","[139.33594, 239, 154]","[156.67969, 239, 154]","[138.39844, 239, 154]","[142.14844, 239, 154]","[192.53906, 239, 154]","[200.50781, 239, 152]","[237.53906, 239, 123]","[237.53906, 239, 123]"
1,29,1,"[42.539062, 239, 102]","[36.445312, 239, 102]","[34.335938, 239, 105]","[22.382812, 239, 103]","[22.382812, 239, 103]","[43.945312, 239, 102]","[47.460938, 239, 102]","[99.25781, 239, 121]","[98.32031, 239, 117]","[140.50781, 239, 154]","[152.69531, 239, 154]","[131.13281, 239, 156]","[137.69531, 239, 154]","[192.77344, 239, 155]","[197.22656, 239, 153]","[234.72656, 239, 125]","[237.30469, 239, 124]"
1,30,1,"[38.789062, 239, 104]","[33.632812, 239, 103]","[30.585938, 239, 104]","[18.632812, 239, 15]","[18.632812, 239, 15]","[39.726562, 239, 14]","[43.710938, 239, 101]","[100.42969, 239, 125]","[92.46094, 239, 109]","[136.05469, 239, 154]","[146.60156, 239, 154]","[131.36719, 239, 157]","[135.35156, 239, 153]","[203.32031, 239, 152]","[216.44531, 239, 139]","[234.96094, 239, 124]","[233.78906, 239, 13]"
1,31,1,"[39.023438, 239, 15]","[34.335938, 239, 106]","[30.585938, 239, 104]","[19.101562, 239, 18]","[18.867188, 239, 13]","[40.195312, 239, 102]","[43.476562, 239, 102]","[95.03906, 239, 116]","[94.80469, 239, 114]","[133.00781, 239, 154]","[147.30469, 239, 155]","[132.30469, 239, 154]","[132.30469, 239, 154]","[186.91406, 239, 154]","[196.05469, 239, 154]","[238.00781, 239, 124]","[237.30469, 239, 122]"
1,32,1,"[38.554688, 239, 105]","[36.210938, 239, 104]","[31.523438, 239, 104]","[18.632812, 239, 15]","[19.570312, 239, 17]","[39.492188, 239, 14]","[41.835938, 239, 102]","[82.85156, 239, 101]","[97.85156, 239, 116]","[134.64844, 239, 158]","[143.08594, 239, 158]","[132.30469, 239, 158]","[132.53906, 239, 158]","[185.97656, 239, 158]","[189.72656, 239, 156]","[237.77344, 239, 123]","[238.00781, 239, 126]"
1,33,1,"[35.273438, 239, 99]","[29.882812, 239, 103]","[29.882812, 239, 103]","[17.695312, 239, 17]","[17.929688, 239, 17]","[38.789062, 239, 104]","[38.789062, 239, 104]","[82.61719, 239, 102]","[89.17969, 239, 106]","[130.89844, 239, 158]","[131.13281, 239, 159]","[126.21094, 239, 158]","[127.85156, 239, 158]","[181.75781, 239, 150]","[185.97656, 239, 154]","[234.25781, 239, 126]","[231.91406, 239, 12]"
1,34,1,"[31.289062, 239, 101]","[30.351562, 239, 102]","[28.476562, 239, 103]","[18.164062, 239, 15]","[16.289062, 239, 15]","[39.023438, 239, 14]","[37.617188, 239, 103]","[81.21094, 239, 100]","[93.63281, 239, 107]","[116.13281, 239, 160]","[122.92969, 239, 162]","[129.96094, 239, 159]","[126.67969, 239, 161]","[177.53906, 239, 151]","[181.05469, 239, 151]","[237.07031, 239, 123]","[237.53906, 239, 123]"
1,35,1,"[17.460938, 239, 13]","[16.757812, 239, 16]","[10.4296875, 239, 15]","[20.273438, 239, 16]","[16.757812, 239, 16]","[40.898438, 239, 15]","[39.023438, 239, 14]","[59.648438, 239, 100]","[93.39844, 239, 108]","[100.89844, 239, 122]","[106.99219, 239, 146]","[129.72656, 239, 163]","[127.61719, 239, 166]","[182.46094, 239, 154]","[187.85156, 239, 154]","[234.96094, 239, 126]","[229.57031, 239, 125]"
1,36,1,"[16.523438, 239, 15]","[10.6640625, 239, 15]","[17.460938, 239, 13]","[13.9453125, 239, 15]","[17.929688, 239, 13]","[40.429688, 239, 15]","[42.070312, 239, 104]","[85.42969, 239, 102]","[91.52344, 239, 108]","[103.71094, 239, 139]","[121.99219, 239, 161]","[122.92969, 239, 161]","[123.16406, 239, 161]","[170.03906, 239, 156]","[177.77344, 239, 154]","[233.32031, 239, 13]","[237.53906, 239, 122]"
1,37,1,"[0, 0, 0]","[0, 0, 0]","[0, 0, 0]","[0, 0, 0]","[0, 0, 0]","[0, 0, 0]","[0, 0, 0]","[0, 0, 0]","[0, 0, 0]","[0, 0, 0]","[0, 0, 0]","[0, 0, 0]","[0, 0, 0]","[0, 0, 0]","[0, 0, 0]","[0, 0, 0]","[0, 0, 0]"
1,38,1,"[0, 0, 0]","[0, 0, 0]","[0, 0, 0]","[0, 0, 0]","[0, 0, 0]","[0, 0, 0]","[0, 0, 0]","[0, 0, 0]","[0, 0, 0]","[0, 0, 0]","[0, 0, 0]","[0, 0, 0]","[0, 0, 0]","[0, 0, 0]","[0, 0, 0]","[0, 0, 0]","[0, 0, 0]"
1,39,1,"[0, 0, 0]","[0, 0, 0]","[0, 0, 0]","[0, 0, 0]","[0, 0, 0]","[0, 0, 0]","[0, 0, 0]","[0, 0, 0]","[0, 0, 0]","[0, 0, 0]","[0, 0, 0]","[0, 0, 0]","[0, 0, 0]","[0, 0, 0]","[0, 0, 0]","[0, 0, 0]","[0, 0, 0]"
1,40,1,"[0, 0, 0]","[0, 0, 0]","[0, 0, 0]","[0, 0, 0]","[0, 0, 0]","[0, 0, 0]","[0, 0, 0]","[0, 0, 0]","[0, 0, 0]","[0, 0, 0]","[0, 0, 0]","[0, 0, 0]","[0, 0, 0]","[0, 0, 0]","[0, 0, 0]","[0, 0, 0]","[0, 0, 0]"
1,41,1,"[0, 0, 0]","[0, 0, 0]","[0, 0, 0]","[0, 0, 0]","[0, 0, 0]","[0, 0, 0]","[0, 0, 0]","[0, 0, 0]","[0, 0, 0]","[0, 0, 0]","[0, 0, 0]","[0, 0, 0]","[0, 0, 0]","[0, 0, 0]","[0, 0, 0]","[0, 0, 0]","[0, 0, 0]"
1,42,1,"[0, 0, 0]","[0, 0, 0]","[0, 0, 0]","[0, 0, 0]","[0, 0, 0]","[0, 0, 0]","[0, 0, 0]","[0, 0, 0]","[0, 0, 0]","[0, 0, 0]","[0, 0, 0]","[0, 0, 0]","[0, 0, 0]","[0, 0, 0]","[0, 0, 0]","[0, 0, 0]","[0, 0, 0]"
2,0,1,"[0, 0, 0]","[0, 0, 0]","[0, 0, 0]","[0, 0, 0]","[0, 0, 0]","[0, 0, 0]","[0, 0, 0]","[0, 0, 0]","[0, 0, 0]","[0, 0, 0]","[0, 0, 0]","[0, 0, 0]","[0, 0, 0]","[0, 0, 0]","[0, 0, 0]","[0, 0, 0]","[0, 0, 0]"
2,1,1,"[0, 0, 0]","[0, 0, 0]","[0, 0, 0]","[0, 0, 0]","[0, 0, 0]","[0, 0, 0]","[0, 0, 0]","[0, 0, 0]","[0, 0, 0]","[0, 0, 0]","[0, 0, 0]","[0, 0, 0]","[0, 0, 0]","[0, 0, 0]","[0, 0, 0]","[0, 0, 0]","[0, 0, 0]"
2,2,1,"[0, 0, 0]","[0, 0, 0]","[0, 0, 0]","[0, 0, 0]","[0, 0, 0]","[0, 0, 0]","[0, 0, 0]","[0, 0, 0]","[0, 0, 0]","[0, 0, 0]","[0, 0, 0]","[0, 0, 0]","[0, 0, 0]","[0, 0, 0]","[0, 0, 0]","[0, 0, 0]","[0, 0, 0]"
2,3,1,"[0, 0, 0]","[0, 0, 0]","[0, 0, 0]","[0, 0, 0]","[0, 0, 0]","[0, 0, 0]","[0, 0, 0]","[0, 0, 0]","[0, 0, 0]","[0, 0, 0]","[0, 0, 0]","[0, 0, 0]","[0, 0, 0]","[0, 0, 0]","[0, 0, 0]","[0, 0, 0]","[0, 0, 0]"
2,4,1,"[43.945312, 411.8047, 0.8123083]","[40.195312, 415.08594, 0.8464675]","[40.195312, 408.28906, 0.8464023]","[39.726562, 417.1953, 0.021687422]","[36.445312, 400.78906, 0.77760136]","[55.429688, 421.8828, 0.35498914]","[53.789062, 391.8828, 0.39834416]","[80.03906, 432.1953, 0.04324891]","[88.24219, 383.91406, 0.010519649]","[103.71094, 434.0703, 0.017746989]","[113.08594, 403.3672, 0.021199746]","[105.35156, 418.3672, 0.34990594]","[107.92969, 397.7422, 0.21237305]","[143.32031, 428.6797, 0.14194196]","[142.61719, 395.39844, 0.058370598]","[173.55469, 421.64844, 0.2787496]","[174.25781, 420.47656, 0.09283072]"
2,5,1,"[0, 0, 0]","[0, 0, 0]","[0, 0, 0]","[0, 0, 0]","[0, 0, 0]","[0, 0, 0]","[0, 0, 0]","[0, 0, 0]","[0, 0, 0]","[0, 0, 0]","[0, 0, 0]","[0, 0, 0]","[0, 0, 0]","[0, 0, 0]","[0, 0, 0]","[0, 0, 0]","[0, 0, 0]"
2,6,1,"[0, 0, 0]","[0, 0, 0]","[0, 0, 0]","[0, 0, 0]","[0, 0, 0]","[0, 0, 0]","[0, 0, 0]","[0, 0, 0]","[0, 0, 0]","[0, 0, 0]","[0, 0, 0]","[0, 0, 0]","[0, 0, 0]","[0, 0, 0]","[0, 0, 0]","[0, 0, 0]","[0, 0, 0]"
2,7,1,"[0, 0, 0]","[0, 0, 0]","[0, 0, 0]","[0, 0, 0]","[0, 0, 0]","[0, 0, 0]","[0, 0, 0]","[0, 0, 0]","[0, 0, 0]","[0, 0, 0]","[0, 0, 0]","[0, 0, 0]","[0, 0, 0]","[0, 0, 0]","[0, 0, 0]","[0, 0, 0]","[0, 0, 0]"
2,8,1,"[39.257812, 434.53906, 0.008229623]","[39.257812, 434.0703, 0.0032876004]","[39.257812, 433.1328, 0.008286365]","[26.601562, 432.1953, 0.010455029]","[33.398438, 418.83594, 0.07404891]","[49.570312, 418.1328, 0.025575401]","[51.679688, 417.66406, 0.53537226]","[91.52344, 413.6797, 0.039045647]","[91.28906, 412.97656, 0.35088676]","[123.63281, 416.4922, 0.045096416]","[124.10156, 416.2578, 0.50583553]","[122.46094, 419.53906, 0.0013430973]","[111.21094, 432.89844, 0.015848998]","[158.78906, 436.8828, 0.01953198]","[161.83594, 432.89844, 0.019607563]","[185.27344, 433.3672, 0.0054222182]","[180.82031, 431.96094, 0.0054240804]"
2,9,1,"[39.023438, 416.02344, 0.65447366]","[32.929688, 418.60156, 0.71630126]","[35.273438, 412.27344, 0.42764378]","[30.820312, 434.0703, 0.11389603]","[37.617188, 415.5547, 0.0055429502]","[48.867188, 414.3828, 0.019175764]","[48.632812, 415.5547, 0.4267644]","[89.17969, 408.9922, 0.012485595]","[93.63281, 407.58594, 0.2869459]","[123.39844, 409.9297, 0.012832382]","[126.67969, 408.52344, 0.5897343]","[34.335938, 412.97656, 0.0025168706]","[131.60156, 433.1328, 0.05441676]","[166.28906, 432.1953, 0.0072178184]","[164.88281, 430.5547, 0.024778247]","[207.77344, 433.3672, 0.0122116245]","[210.58594, 433.3672, 0.01968913]"
2,10,1,"[38.554688, 403.3672, 0.7925589]","[31.289062, 405.9453, 0.7848941]","[34.335938, 399.14844, 0.5371628]","[19.335938, 417.89844, 0.7389996]","[36.445312, 404.0703, 0.0035007372]","[43.476562, 434.77344, 0.051240765]","[48.867188, 405.9453, 0.4940045]","[87.30469, 431.96094, 0.0070276703]","[85.42969, 401.02344, 0.47943965]","[124.57031, 398.91406, 0.0057761064]","[124.33594, 400.3203, 0.60412085]","[34.570312, 400.3203, 0.016990662]","[116.13281, 419.53906, 0.18186963]","[167.92969, 414.14844, 0.11145605]","[168.16406, 413.4453, 0.21233065]","[204.96094, 436.8828, 0.018718485]","[205.89844, 435.47656, 0.016103929]"
2,11,1,"[42.773438, 386.02344, 0.7905512]","[36.445312, 388.83594, 0.78501654]","[38.554688, 384.14844, 0.13058724]","[22.851562, 400.78906, 0.8107498]","[22.851562, 400.78906, 0.002839064]","[36.914062, 430.5547, 0.13953942]","[52.617188, 393.9922, 0.44213593]","[79.80469, 432.1953, 0.018361982]","[88.24219, 391.41406, 0.5718868]","[138.86719, 434.0703, 0.082048446]","[125.74219, 389.77344, 0.64832234]","[120.58594, 434.77344, 0.0513925]","[122.46094, 410.16406, 0.28680125]","[177.53906, 409.22656, 0.345476]","[174.49219, 405.2422, 0.28608137]","[231.91406, 405.0078, 0.35151768]","[204.49219, 401.2578, 0.3417047]"
2,12,1,"[48.164062, 368.21094, 0.8204685]","[42.070312, 369.14844, 0.79005283]","[44.648438, 364.9297, 0.12722278]","[28.007812, 380.39844, 0.80868065]","[28.007812, 380.39844, 0.0028444093]","[38.789062, 409.46094, 0.3629825]","[56.367188, 378.9922, 0.51739705]","[95.27344, 409.46094, 0.23134394]","[95.27344, 378.52344, 0.5077355]","[140.97656, 406.8828, 0.44560987]","[133.71094, 378.0547, 0.6160271]","[121.52344, 413.4453, 0.23690736]","[124.10156, 395.8672, 0.27930212]","[182.22656, 399.14844, 0.35826087]","[177.77344, 394.46094, 0.31967932]","[237.30469, 397.7422, 0.19817153]","[205.66406, 396.8047, 0.34316862]"
2,13,1,"[49.570312, 345.9453, 0.7986296]","[42.539062, 345.9453, 0.798278]","[45.585938, 341.96094, 0.16542482]","[28.710938, 355.08594, 0.813992]","[28.476562, 355.5547, 0.0027435452]","[45.351562, 388.60156, 0.3461969]","[54.960938, 359.77344, 0.31155458]","[95.03906, 393.28906, 0.4757487]","[95.74219, 358.60156, 0.47531793]","[140.03906, 377.35156, 0.6005995]","[134.88281, 356.72656, 0.5821472]","[122.22656, 403.1328, 0.3282755]","[121.75781, 378.52344, 0.27142823]","[182.46094, 386.96094, 0.4719038]","[178.24219, 377.8203, 0.40231472]","[216.44531, 433.83594, 0.14359179]","[204.25781, 386.2578, 0.32325405]"
2,14,1,"[50.039062, 327.4297, 0.80931747]","[43.476562, 327.1953, 0.77190435]","[45.351562, 324.85156, 0.010403905]","[28.945312, 337.97656, 0.7994003]","[28.945312, 337.7422, 0.0027216764]","[44.414062, 369.85156, 0.3770517]","[54.257812, 345.71094, 0.24309185]","[93.86719, 373.83594, 0.4334789]","[95.50781, 345.2422, 0.43939984]","[139.33594, 354.14844, 0.62401253]","[135.35156, 340.08594, 0.57799685]","[123.63281, 385.08594, 0.33812106]","[126.21094, 366.5703, 0.28085318]","[182.69531, 365.39844, 0.45317316]","[178.71094, 368.4453, 0.13426593]","[237.53906, 392.8203, 0.053904705]","[239.88281, 390.47656, 0.00459209]"
2,15,1,"[52.382812, 310.3203, 0.77763075]","[45.820312, 309.85156, 0.77530664]","[48.164062, 307.03906, 0.012488654]","[32.226562, 319.6953, 0.8108244]","[32.226562, 319.9297, 0.0028080577]","[47.460938, 351.33594, 0.41680312]","[58.007812, 329.53906, 0.2859414]","[98.32031, 353.91406, 0.47206697]","[100.19531, 329.3047, 0.5417868]","[142.38281, 333.7578, 0.6646236]","[136.75781, 322.7422, 0.5414879]","[127.85156, 368.6797, 0.36946246]","[129.25781, 354.14844, 0.27982202]","[188.08594, 342.89844, 0.50487167]","[183.16406, 363.0547, 0.5104658]","[237.30469, 341.02344, 0.23785403]","[237.53906, 391.1797, 0.2697989]"
2,16,1,"[56.601562, 290.8672, 0.81168354]","[51.210938, 289.22656, 0.81789434]","[53.789062, 287.8203, 0.0080339955]","[36.445312, 298.83594, 0.7866699]","[36.210938, 299.0703, 0.0026463862]","[52.148438, 328.3672, 0.36401737]","[53.320312, 317.1172, 0.27065098]","[105.58594, 332.1172, 0.47164753]","[103.24219, 315.47656, 0.29354954]","[147.07031, 317.35156, 0.5906304]","[141.67969, 307.03906, 0.531332]","[141.67969, 347.35156, 0.25430614]","[140.27344, 341.4922, 0.17185894]","[189.25781, 350.6328, 0.41488713]","[191.60156, 322.5078, 0.48322713]","[235.42969, 386.2578, 0.33146277]","[237.53906, 324.6172, 0.103453405]"
2,17,1,"[58.945312, 269.77344, 0.7965778]","[53.085938, 267.89844, 0.8263612]","[57.539062, 265.78906, 0.0070739985]","[39.257812, 277.03906, 0.8082284]","[39.257812, 277.03906, 0.0028861514]","[57.304688, 304.9297, 0.28576672]","[53.554688, 302.58594, 0.14440686]","[107.92969, 307.97656, 0.4186526]","[104.64844, 296.4922, 0.10423629]","[148.24219, 296.2578, 0.46384087]","[141.21094, 295.3203, 0.06553335]","[132.30469, 325.5547, 0.3155193]","[130.66406, 315.9453, 0.17486735]","[197.92969, 306.5703, 0.45942488]","[189.72656, 311.96094, 0.3428408]","[239.88281, 316.64844, 0.009460051]","[226.28906, 358.3672, 0.33749902]"
2,18,1,"[59.179688, 252.42969, 0.79994035]","[53.320312, 249.14844, 0.82275784]","[55.898438, 248.91406, 0.008636401]","[40.429688, 257.35156, 0.8165109]","[40.429688, 257.35156, 0.0027508172]","[58.945312, 283.83594, 0.32316875]","[52.617188, 284.0703, 0.21844894]","[109.57031, 284.53906, 0.47115642]","[103.00781, 278.4453, 0.011989319]","[154.33594, 270.2422, 0.5731736]","[145.42969, 275.39844, 0.011117302]","[131.13281, 307.7422, 0.27443188]","[130.89844, 297.4297, 0.13003224]","[186.44531, 296.96094, 0.32163045]","[184.10156, 284.0703, 0.3432964]","[234.72656, 310.5547, 0.07001583]","[233.32031, 300.47656, 0.016584992]"
2,19,1,"[61.992188, 235.08594, 0.7765941]","[56.132812, 232.03906, 0.810055]","[58.945312, 235.32031, 0.007127434]","[42.539062, 238.36719, 0.8098079]","[42.773438, 238.13281, 0.0027676655]","[59.648438, 263.21094, 0.35238427]","[54.023438, 265.5547, 0.20880875]","[109.57031, 263.4453, 0.44647023]","[106.05469, 262.5078, 0.031665143]","[155.03906, 246.57031, 0.59713656]","[142.38281, 255.47656, 0.092461735]","[130.42969, 291.5703, 0.29595178]","[131.13281, 279.6172, 0.2053347]","[192.30469, 289.6953, 0.40575594]","[186.91406, 265.78906, 0.45847046]","[142.38281, 347.8203, 0.0066311825]","[234.25781, 269.77344, 0.062579945]"
2,20,1,"[66.21094, 217.50781, 0.81851727]","[60.585938, 214.46094, 0.79830146]","[62.929688, 214.92969, 0.00708273]","[47.695312, 220.32031, 0.8085326]","[47.460938, 220.55469, 0.0027590971]","[61.054688, 243.28906, 0.39825162]","[56.601562, 247.50781, 0.22168107]","[112.14844, 244.22656, 0.44483864]","[108.39844, 243.99219, 0.044572916]","[157.38281, 228.05469, 0.71344626]","[146.36719, 240.47656, 0.6486511]","[139.33594, 270.2422, 0.29676497]","[137.22656, 273.9922, 0.16556977]","[189.25781, 273.9922, 0.34740782]","[192.07031, 255.24219, 0.44662723]","[237.53906, 307.5078, 0.08351888]","[238.00781, 252.66406, 0.035507858]"
2,21,1,"[68.78906, 200.86719, 0.814224]","[63.867188, 196.41406, 0.8274385]","[67.14844, 196.64844, 0.005881154]","[50.976562, 200.86719, 0.80075026]","[49.101562, 208.13281, 0.002818522]","[66.67969, 221.49219, 0.4019463]","[59.179688, 229.92969, 0.23049402]","[113.55469, 225.24219, 0.5139894]","[98.78906, 247.27344, 0.0046295784]","[158.55469, 216.57031, 0.6942063]","[148.24219, 228.05469, 0.5944528]","[135.82031, 247.27344, 0.33162424]","[131.36719, 257.8203, 0.29238653]","[195.35156, 243.99219, 0.44494995]","[193.94531, 243.75781, 0.17305374]","[235.42969, 288.28906, 0.045635447]","[237.77344, 247.03906, 0.0623372]"
2,22,1,"[69.25781, 184.69531, 0.7943506]","[64.33594, 180.47656, 0.7948846]","[66.67969, 181.41406, 0.006548996]","[51.445312, 184.69531, 0.8053411]","[50.742188, 191.49219, 0.004357009]","[65.97656, 202.27344, 0.4572031]","[62.695312, 217.03906, 0.24909455]","[109.33594, 208.36719, 0.48822132]","[99.25781, 232.03906, 0.009769942]","[154.80469, 203.44531, 0.5811228]","[152.46094, 212.35156, 0.005017773]","[138.63281, 232.03906, 0.34683967]","[134.17969, 244.69531, 0.28436416]","[195.11719, 219.14844, 0.4900462]","[193.00781, 235.55469, 0.46824872]","[237.30469, 248.44531, 0.031875096]","[237.30469, 248.21094, 0.02341221]"
2,23,1,"[70.66406, 169.69531, 0.8305912]","[65.97656, 165.71094, 0.80333084]","[68.55469, 166.41406, 0.008088902]","[54.023438, 168.75781, 0.77617174]","[51.210938, 176.25781, 0.0054350374]","[71.83594, 185.39844, 0.43815163]","[63.398438, 202.97656, 0.22272375]","[113.78906, 192.66406, 0.52152324]","[99.02344, 216.80469, 0.013023991]","[153.16406, 187.27344, 0.53800243]","[149.41406, 195.71094, 0.009592878]","[144.02344, 214.22656, 0.34821588]","[137.22656, 231.10156, 0.37426877]","[193.47656, 200.39844, 0.42451483]","[189.25781, 225.00781, 0.5217435]","[237.30469, 205.78906, 0.06724829]","[235.89844, 243.52344, 0.30311814]"
2,24,1,"[73.00781, 153.75781, 0.7293704]","[68.32031, 149.30469, 0.71738106]","[70.42969, 150.24219, 0.006296903]","[57.539062, 151.64844, 0.70973396]","[55.429688, 161.02344, 0.0037359577]","[73.00781, 168.99219, 0.4342835]","[68.08594, 187.03906, 0.2449989]","[116.36719, 171.80469, 0.48977292]","[106.28906, 191.25781, 0.008464364]","[156.91406, 168.05469, 0.6599926]","[155.74219, 177.42969, 0.28835088]","[144.96094, 199.46094, 0.35723144]","[138.39844, 215.39844, 0.30103955]","[195.82031, 184.69531, 0.4851668]","[190.66406, 214.22656, 0.53540677]","[237.77344, 183.28906, 0.09157267]","[235.19531, 238.13281, 0.22996324]"
2,25,1,"[72.30469, 135.00781, 0.51002836]","[69.49219, 131.72656, 0.49566787]","[70.66406, 131.96094, 0.029762777]","[59.179688, 133.83594, 0.7393543]","[55.195312, 146.25781, 0.0106806895]","[77.22656, 146.96094, 0.46604908]","[63.632812, 170.86719, 0.30256122]","[119.64844, 149.07031, 0.44740015]","[101.13281, 188.67969, 0.044305034]","[160.89844, 150.24219, 0.6459583]","[124.10156, 180.71094, 0.01499983]","[146.60156, 175.55469, 0.35845345]","[142.61719, 195.47656, 0.33793014]","[196.28906, 167.58594, 0.36859417]","[192.53906, 193.36719, 0.3738138]","[239.88281, 174.38281, 0.014237347]","[234.02344, 222.66406, 0.067278475]"
2,26,1,"[72.53906, 119.30469, 0.44849396]","[70.19531, 115.32031, 0.75457203]","[69.72656, 113.21094, 0.007081569]","[59.414062, 116.72656, 0.79142904]","[57.304688, 123.75781, 0.005430326]","[77.22656, 129.85156, 0.48241022]","[63.164062, 156.57031, 0.40307707]","[121.52344, 130.32031, 0.50538343]","[98.32031, 171.10156, 0.012430917]","[163.71094, 128.44531, 0.65262294]","[117.30469, 165.71094, 0.0066421805]","[143.08594, 162.66406, 0.38367513]","[137.46094, 181.41406, 0.38610795]","[196.28906, 158.21094, 0.36371046]","[195.58594, 180.00781, 0.2098965]","[239.88281, 169.46094, 0.017345488]","[233.32031, 197.58594, 0.11722947]"
2,27,1,"[72.07031, 101.96094, 0.14692149]","[69.96094, 99.61719, 0.21387757]","[69.96094, 99.38281, 0.020365492]","[60.820312, 101.49219, 0.7737622]","[53.789062, 115.55469, 0.03014905]","[77.46094, 114.14844, 0.48767394]","[64.10156, 142.27344, 0.4186924]","[123.86719, 113.91406, 0.45602876]","[94.80469, 158.44531, 0.010730549]","[162.07031, 112.97656, 0.644665]","[239.88281, 165.71094, 0.0018038073]","[142.14844, 147.19531, 0.34244305]","[134.64844, 164.77344, 0.3333333]","[197.22656, 153.28906, 0.23557788]","[193.47656, 151.41406, 0.18238774]","[237.07031, 168.05469, 0.017136222]","[237.30469, 164.53906, 0.0861661]"
2,28,1,"[78.39844, 91.41406, 0.030548804]","[74.88281, 88.83594, 0.49479827]","[71.60156, 85.55469, 0.0024762575]","[65.50781, 90.00781, 0.7234415]","[61.992188, 101.02344, 0.010695297]","[81.44531, 100.08594, 0.51618195]","[69.72656, 128.91406, 0.43068093]","[121.75781, 101.72656, 0.525289]","[103.00781, 147.19531, 0.008653594]","[160.19531, 100.08594, 0.67536104]","[239.88281, 127.27344, 0.0012094391]","[145.89844, 134.53906, 0.35364863]","[139.33594, 153.75781, 0.36282283]","[198.86719, 145.78906, 0.40022928]","[195.11719, 139.22656, 0.2935894]","[238.00781, 165.94531, 0.047815748]","[238.00781, 131.72656, 0.26178098]"
2,29,1,"[78.39844, 80.16406, 0.2636463]","[76.05469, 77.11719, 0.43785444]","[77.46094, 78.28906, 0.010442945]","[66.67969, 79.46094, 0.7567292]","[64.33594, 89.53906, 0.011287596]","[82.61719, 88.13281, 0.5174295]","[71.13281, 116.72656, 0.51984745]","[121.52344, 90.00781, 0.46133408]","[102.53906, 131.49219, 0.002972193]","[162.77344, 89.30469, 0.6508517]","[156.44531, 83.44531, 0.001750376]","[148.24219, 117.66406, 0.34990054]","[140.97656, 137.35156, 0.36015353]","[201.91406, 125.63281, 0.40267003]","[200.74219, 128.44531, 0.27803877]","[238.00781, 156.33594, 0.097532794]","[238.71094, 127.03906, 0.07215224]"
2,30,1,"[79.33594, 67.03906, 0.025303507]","[72.07031, 63.992188, 0.053186394]","[75.58594, 65.39844, 0.0027077259]","[67.61719, 68.21094, 0.7754613]","[63.867188, 78.75781, 0.019798044]","[82.61719, 75.94531, 0.52002776]","[73.71094, 105.71094, 0.46584308]","[121.28906, 77.58594, 0.48007876]","[106.75781, 118.60156, 0.010350702]","[161.13281, 78.99219, 0.6337489]","[158.32031, 83.44531, 0.0019732066]","[148.94531, 104.30469, 0.32742453]","[142.85156, 124.46094, 0.41492927]","[200.97656, 106.17969, 0.33547127]","[199.10156, 118.60156, 0.3825811]","[237.30469, 133.83594, 0.10975839]","[237.07031, 127.74219, 0.08182231]"
2,31,1,"[79.80469, 55.789062, 0.009062307]","[73.24219, 50.867188, 0.06836345]","[75.11719, 53.914062, 0.0022744117]","[68.55469, 56.492188, 0.71429944]","[63.164062, 68.44531, 0.025455672]","[84.02344, 64.22656, 0.51759946]","[75.82031, 94.22656, 0.4697318]","[121.28906, 63.757812, 0.5042576]","[106.75781, 111.80469, 0.007360714]","[161.60156, 65.86719, 0.64097583]","[163.00781, 74.53906, 0.0036693998]","[151.52344, 92.58594, 0.38943353]","[146.83594, 113.21094, 0.42363036]","[206.36719, 91.88281, 0.3071041]","[200.97656, 115.55469, 0.4471581]","[234.25781, 101.49219, 0.025260476]","[238.00781, 123.99219, 0.0449686]"
2,32,1,"[73.47656, 40.789062, 0.019584034]","[70.19531, 40.320312, 0.07912593]","[73.47656, 36.570312, 0.0016934718]","[69.96094, 45.710938, 0.7360155]","[68.55469, 56.257812, 0.018907322]","[86.13281, 52.039062, 0.5459924]","[76.52344, 83.21094, 0.51991457]","[124.10156, 52.273438, 0.4798761]","[98.55469, 104.30469, 0.01763289]","[158.55469, 53.445312, 0.63215965]","[76.99219, 63.992188, 0.0015919611]","[151.75781, 78.05469, 0.3965812]","[145.89844, 102.19531, 0.44539943]","[200.74219, 82.03906, 0.47038567]","[194.88281, 107.35156, 0.5289823]","[233.78906, 81.10156, 0.11332123]","[238.00781, 120.94531, 0.2718757]"
2,33,1,"[82.14844, 32.585938, 0.017897513]","[74.88281, 29.773438, 0.055391714]","[82.85156, 29.539062, 0.0017334903]","[74.17969, 33.054688, 0.5412039]","[68.78906, 45.710938, 0.083545536]","[89.17969, 38.445312, 0.5479541]","[78.63281, 68.44531, 0.50830567]","[124.33594, 39.617188, 0.48384142]","[106.75781, 85.55469, 0.029606763]","[159.49219, 41.726562, 0.55702394]","[132.77344, 82.27344, 0.017175706]","[151.52344, 66.33594, 0.44172674]","[146.60156, 87.66406, 0.45020908]","[197.92969, 68.21094, 0.2517815]","[192.53906, 93.52344, 0.32054788]","[234.96094, 80.16406, 0.043711968]","[236.60156, 116.25781, 0.301852]"
2,34,1,"[81.91406, 16.648438, 0.017761601]","[76.52344, 14.0703125, 0.07184658]","[82.85156, 16.882812, 0.0023365098]","[75.58594, 20.398438, 0.7735486]","[69.72656, 33.289062, 0.07103279]","[90.82031, 24.382812, 0.5494584]","[80.27344, 56.257812, 0.44464588]","[125.97656, 26.960938, 0.46480957]","[113.78906, 76.88281, 0.025089169]","[164.64844, 32.117188, 0.4704188]","[146.83594, 40.085938, 0.03776728]","[153.63281, 53.679688, 0.42133847]","[149.17969, 75.94531, 0.3948097]","[193.94531, 52.742188, 0.18489218]","[189.02344, 82.50781, 0.3097768]","[230.50781, 98.67969, 0.00978413]","[230.74219, 100.32031, 0.22663847]"
2,35,1,"[81.44531, 9.1484375, 0.011195879]","[76.75781, 7.2734375, 0.060258046]","[82.85156, 8.9140625, 0.0021271093]","[76.05469, 11.4921875, 0.73976994]","[69.72656, 24.617188, 0.15029079]","[91.28906, 14.0703125, 0.5577876]","[80.50781, 47.820312, 0.50056326]","[127.85156, 14.0703125, 0.55051684]","[114.02344, 64.69531, 0.019854516]","[161.83594, 19.929688, 0.64061]","[156.67969, 29.539062, 0.0038669044]","[153.16406, 45.007812, 0.41352624]","[147.07031, 66.80469, 0.43824542]","[194.64844, 48.054688, 0.23692265]","[190.19531, 60.945312, 0.21753184]","[219.25781, 53.445312, 0.012419129]","[218.08594, 63.289062, 0.017194021]"
2,36,1,"[85.66406, 1.6484375, 0.005240923]","[80.97656, 1.1796875, 0.018317465]","[74.64844, 24.382812, 0.0017208271]","[79.10156, 6.3359375, 0.76813895]","[74.41406, 19.929688, 0.08922881]","[92.46094, 8.2109375, 0.45824987]","[82.14844, 42.195312, 0.47712094]","[130.19531, 6.8046875, 0.6131649]","[113.55469, 56.023438, 0.012394813]","[159.72656, 11.9609375, 0.57802445]","[159.72656, 21.570312, 0.004145444]","[153.63281, 36.570312, 0.42013276]","[148.24219, 59.773438, 0.42718676]","[195.82031, 41.492188, 0.28996545]","[193.00781, 54.382812, 0.21398172]","[230.27344, 52.742188, 0.018224623]","[221.83594, 55.554688, 0.020626431]"
2,37,1,"[78.39844, -0.4609375, 0.0043738033]","[81.21094, -0.4609375, 0.013365883]","[146.13281, 12.8984375, 0.0021085725]","[80.97656, 2.1171875, 0.76816905]","[76.52344, 16.414062, 0.09892815]","[93.63281, 4.9296875, 0.4793414]","[85.42969, 37.273438, 0.47609782]","[127.38281, 3.0546875, 0.5213225]","[121.75781, 41.257812, 0.01787369]","[160.66406, 9.1484375, 0.5256982]","[147.53906, 17.820312, 0.0704111]","[153.16406, 30.945312, 0.416844]","[149.17969, 52.976562, 0.42320427]","[197.22656, 38.679688, 0.29603818]","[194.88281, 48.757812, 0.2884726]","[226.05469, 44.070312, 0.025512798]","[222.53906, 48.523438, 0.027247127]"
2,38,1,"[83.08594, -10.3046875, 0.0068483744]","[80.03906, -4.9140625, 0.015256077]","[80.03906, 17.585938, 0.0015303316]","[82.61719, 1.1796875, 0.7271998]","[77.46094, 12.6640625, 0.0718016]","[94.57031, 4.4609375, 0.38720286]","[87.53906, 33.289062, 0.50142455]","[129.72656, 0.0078125, 0.27108926]","[106.05469, 47.585938, 0.024241596]","[159.72656, 4.4609375, 0.14502412]","[148.47656, 10.3203125, 0.009221425]","[152.22656, 24.851562, 0.39483613]","[146.60156, 46.179688, 0.3864189]","[195.35156, 26.023438, 0.4410863]","[193.00781, 45.476562, 0.497336]","[221.83594, 30.476562, 0.051475156]","[219.02344, 48.523438, 0.044644073]"
2,39,1,"[79.10156, -12.8828125, 0.0057426477]","[78.16406, -12.8828125, 0.0139907375]","[72.53906, 5.1640625, 0.002648592]","[79.57031, -8.8984375, 0.07334565]","[76.05469, 8.4453125, 0.056896955]","[93.86719, 0.9453125, 0.3017463]","[87.07031, 28.367188, 0.43454942]","[123.16406, -9.8359375, 0.012919299]","[125.74219, 41.726562, 0.012778318]","[144.49219, 5.8671875, 0.008284301]","[132.30469, 10.5546875, 0.006146373]","[152.46094, 17.585938, 0.38688865]","[149.64844, 39.617188, 0.3960445]","[196.28906, 16.179688, 0.36538413]","[195.82031, 42.429688, 0.4124729]","[222.53906, 22.273438, 0.013638817]","[219.02344, 48.289062, 0.02028896]"
2,40,1,"[80.97656, -12.8828125, 0.0054929066]","[80.27344, -12.8828125, 0.008698528]","[69.02344, -9.6015625, 0.0020567311]","[80.97656, -11.9453125, 0.06344129]","[77.22656, 2.8203125, 0.017556777]","[94.33594, 2.5859375, 0.14237557]","[87.77344, 19.929688, 0.3741941]","[125.03906, -11.2421875, 0.04088186]","[125.74219, 35.632812, 0.007604337]","[145.42969, -9.6015625, 0.02043977]","[149.64844, -3.7421875, 0.0036519535]","[153.86719, 12.4296875, 0.3482886]","[148.94531, 34.460938, 0.38703176]","[199.57031, 10.7890625, 0.22864428]","[195.11719, 40.789062, 0.30550408]","[225.82031, 15.0078125, 0.011995277]","[221.83594, 44.539062, 0.03721937]"
2,41,1,"[0, 0, 0]","[0, 0, 0]","[0, 0, 0]","[0, 0, 0]","[0, 0, 0]","[0, 0, 0]","[0, 0, 0]","[0, 0, 0]","[0, 0, 0]","[0, 0, 0]","[0, 0, 0]","[0, 0, 0]","[0, 0, 0]","[0, 0, 0]","[0, 0, 0]","[0, 0, 0]","[0, 0, 0]"
3,0,1,"[0, 0, 0]","[0, 0, 0]","[0, 0, 0]","[0, 0, 0]","[0, 0, 0]","[0, 0, 0]","[0, 0, 0]","[0, 0, 0]","[0, 0, 0]","[0, 0, 0]","[0, 0, 0]","[0, 0, 0]","[0, 0, 0]","[0, 0, 0]","[0, 0, 0]","[0, 0, 0]","[0, 0, 0]"
3,1,1,"[0, 0, 0]","[0, 0, 0]","[0, 0, 0]","[0, 0, 0]","[0, 0, 0]","[0, 0, 0]","[0, 0, 0]","[0, 0, 0]","[0, 0, 0]","[0, 0, 0]","[0, 0, 0]","[0, 0, 0]","[0, 0, 0]","[0, 0, 0]","[0, 0, 0]","[0, 0, 0]","[0, 0, 0]"
3,2,1,"[0, 0, 0]","[0, 0, 0]","[0, 0, 0]","[0, 0, 0]","[0, 0, 0]","[0, 0, 0]","[0, 0, 0]","[0, 0, 0]","[0, 0, 0]","[0, 0, 0]","[0, 0, 0]","[0, 0, 0]","[0, 0, 0]","[0, 0, 0]","[0, 0, 0]","[0, 0, 0]","[0, 0, 0]"
3,3,1,"[0, 0, 0]","[0, 0, 0]","[0, 0, 0]","[0, 0, 0]","[0, 0, 0]","[0, 0, 0]","[0, 0, 0]","[0, 0, 0]","[0, 0, 0]","[0, 0, 0]","[0, 0, 0]","[0, 0, 0]","[0, 0, 0]","[0, 0, 0]","[0, 0, 0]","[0, 0, 0]","[0, 0, 0]"
3,4,1,"[114.96094, -10.3046875, 0.000875505]","[87.77344, -12.8828125, 0.0016766151]","[78.39844, -9.6015625, 0.00071434013]","[121.52344, -10.3046875, 0.006282118]","[87.77344, -10.3046875, 0.0018600655]","[99.02344, -3.5078125, 0.45803136]","[239.88281, -11.4765625, 0.0021697993]","[126.67969, 7.2734375, 0.48125723]","[125.27344, 6.3359375, 0.0024369531]","[147.30469, 10.3203125, 0.72317374]","[147.77344, 9.8515625, 0.006423898]","[149.64844, 1.4140625, 0.26228905]","[154.33594, -10.7734375, 0.021225827]","[177.07031, 10.7890625, 0.35460645]","[178.00781, -10.7734375, 0.12797657]","[196.28906, 12.6640625, 0.10577734]","[205.89844, -8.1953125, 0.036328025]"
3,5,1,"[83.78906, 2.3515625, 0.55929226]","[80.97656, 5.1640625, 0.6018668]","[80.50781, 0.0078125, 0.4459777]","[81.91406, 7.9765625, 0.44007957]","[80.03906, -7.2578125, 0.053125758]","[97.14844, 12.6640625, 0.59096277]","[99.25781, -10.7734375, 0.022105027]","[124.57031, 25.320312, 0.6308631]","[130.42969, -8.6640625, 0.034396622]","[152.22656, 30.242188, 0.6911341]","[157.14844, -6.5546875, 0.32339016]","[153.86719, 14.7734375, 0.40029407]","[154.80469, -7.7265625, 0.3072761]","[190.42969, 18.523438, 0.44995397]","[190.42969, -6.0859375, 0.21843696]","[218.08594, 21.101562, 0.058361687]","[229.57031, -9.3671875, 0.062203366]"
3,6,1,"[81.67969, 25.085938, 0.82847786]","[77.92969, 27.898438, 0.81243324]","[77.46094, 21.570312, 0.8457768]","[77.22656, 29.773438, 0.0058503444]","[73.24219, 10.7890625, 0.81474686]","[94.57031, 32.585938, 0.6705351]","[95.27344, -0.2265625, 0.44590217]","[122.92969, 43.835938, 0.63434815]","[131.13281, 1.8828125, 0.2856537]","[149.17969, 50.164062, 0.7333874]","[159.72656, 16.179688, 0.68665755]","[148.24219, 33.757812, 0.43408915]","[151.28906, 12.1953125, 0.30786997]","[192.77344, 35.632812, 0.39653265]","[196.52344, 26.492188, 0.48597062]","[222.30469, 33.523438, 0.018879786]","[226.05469, 29.539062, 0.019913368]"
3,7,1,"[80.97656, 29.539062, 0.8340781]","[77.22656, 32.351562, 0.8493817]","[76.52344, 25.789062, 0.8497135]","[76.75781, 34.226562, 0.007585869]","[72.77344, 14.5390625, 0.7626624]","[92.92969, 36.804688, 0.6627145]","[94.10156, 4.6953125, 0.45099676]","[122.69531, 47.820312, 0.6143189]","[131.83594, 5.8671875, 0.4916009]","[150.35156, 53.210938, 0.70234776]","[160.19531, 24.148438, 0.6994792]","[149.41406, 40.789062, 0.410633]","[153.86719, 18.289062, 0.35480034]","[194.64844, 45.710938, 0.40759265]","[199.33594, 32.351562, 0.46028346]","[226.28906, 45.242188, 0.017072786]","[226.28906, 33.289062, 0.017153246]"
3,8,1,"[78.86719, 34.695312, 0.7995452]","[75.11719, 37.273438, 0.80964905]","[74.88281, 30.242188, 0.83345544]","[73.94531, 38.914062, 0.005957911]","[70.89844, 18.992188, 0.7429631]","[91.75781, 41.960938, 0.65353215]","[93.39844, 6.3359375, 0.44714117]","[122.92969, 53.210938, 0.6220273]","[131.13281, 10.3203125, 0.5052219]","[149.88281, 58.601562, 0.72437]","[159.96094, 30.476562, 0.67215526]","[148.94531, 46.179688, 0.4166113]","[154.80469, 22.976562, 0.39173055]","[189.02344, 59.070312, 0.43807155]","[195.35156, 35.164062, 0.39986086]","[222.53906, 56.726562, 0.030055242]","[226.52344, 34.695312, 0.019771999]"
3,9,1,"[78.16406, 41.726562, 0.8076762]","[73.71094, 44.070312, 0.8121209]","[73.47656, 37.273438, 0.84853506]","[73.00781, 45.476562, 0.005265448]","[69.96094, 26.257812, 0.7467161]","[90.11719, 47.585938, 0.65427154]","[93.16406, 12.6640625, 0.4703278]","[121.05469, 60.007812, 0.5837845]","[130.89844, 17.117188, 0.5221652]","[148.00781, 66.33594, 0.7036453]","[159.96094, 37.742188, 0.69107366]","[147.77344, 52.742188, 0.4144566]","[152.46094, 28.367188, 0.40968686]","[190.42969, 67.97656, 0.41735703]","[196.75781, 37.507812, 0.5014268]","[225.11719, 71.96094, 0.021917125]","[226.28906, 40.085938, 0.021114305]"
3,10,1,"[78.39844, 48.289062, 0.8086642]","[74.17969, 50.867188, 0.80818313]","[73.71094, 43.835938, 0.84679866]","[74.17969, 51.335938, 0.003942193]","[68.55469, 32.585938, 0.7619]","[90.82031, 54.617188, 0.6406511]","[93.39844, 18.992188, 0.47238827]","[122.69531, 66.10156, 0.5596972]","[130.66406, 25.085938, 0.4929481]","[148.24219, 72.89844, 0.69269586]","[159.96094, 44.539062, 0.6824203]","[147.30469, 58.835938, 0.392766]","[151.52344, 33.054688, 0.38795954]","[194.88281, 72.19531, 0.3980335]","[198.16406, 39.617188, 0.46120748]","[233.08594, 82.97656, 0.03338754]","[234.25781, 37.976562, 0.022569422]"
3,11,1,"[77.46094, 58.601562, 0.81554294]","[73.71094, 61.414062, 0.8106295]","[73.00781, 54.617188, 0.8480023]","[73.24219, 63.289062, 0.00628721]","[68.78906, 43.835938, 0.76694834]","[90.58594, 64.22656, 0.6300574]","[92.46094, 29.304688, 0.49158427]","[122.69531, 75.47656, 0.6128148]","[129.49219, 35.164062, 0.51175547]","[149.17969, 81.57031, 0.721231]","[159.02344, 54.851562, 0.6996773]","[149.41406, 67.74219, 0.41983402]","[152.69531, 43.132812, 0.40247178]","[195.35156, 77.82031, 0.4159341]","[196.99219, 47.820312, 0.55240214]","[226.99219, 82.97656, 0.02262285]","[226.52344, 45.710938, 0.026132701]"
3,12,1,"[76.05469, 70.32031, 0.82722497]","[72.07031, 73.13281, 0.7977447]","[71.13281, 66.33594, 0.8595558]","[73.24219, 74.07031, 0.00469148]","[66.91406, 55.320312, 0.7798704]","[88.94531, 74.30469, 0.6322789]","[90.58594, 39.382812, 0.48313773]","[121.52344, 85.08594, 0.6452488]","[128.55469, 44.304688, 0.5486361]","[149.64844, 90.00781, 0.7270349]","[156.44531, 62.585938, 0.73043126]","[149.17969, 77.35156, 0.42592803]","[153.16406, 53.445312, 0.4158804]","[193.47656, 85.78906, 0.35842288]","[197.92969, 64.69531, 0.47493714]","[230.27344, 85.78906, 0.06489835]","[234.02344, 67.03906, 0.03546926]"
3,13,1,"[74.17969, 80.86719, 0.83403116]","[69.96094, 83.67969, 0.82244146]","[68.78906, 77.58594, 0.858796]","[69.72656, 85.78906, 0.006270503]","[63.164062, 66.10156, 0.8028456]","[87.53906, 83.91406, 0.6122392]","[87.77344, 49.695312, 0.4652388]","[120.11719, 95.39844, 0.6366205]","[125.27344, 54.148438, 0.54098654]","[148.47656, 102.89844, 0.73078716]","[154.10156, 71.25781, 0.69010735]","[141.44531, 82.03906, 0.40890253]","[145.19531, 59.773438, 0.39436722]","[189.02344, 90.47656, 0.48272213]","[192.07031, 78.05469, 0.46230513]","[221.36719, 88.60156, 0.11246128]","[222.30469, 80.63281, 0.08936427]"
3,14,1,"[73.71094, 88.60156, 0.84379226]","[70.19531, 91.88281, 0.78752863]","[68.55469, 85.55469, 0.86088425]","[69.25781, 93.52344, 0.006102159]","[61.757812, 73.83594, 0.816928]","[87.53906, 91.41406, 0.5844585]","[86.83594, 57.195312, 0.46541542]","[120.82031, 102.66406, 0.65494704]","[125.97656, 60.242188, 0.5413686]","[147.77344, 112.27344, 0.71604645]","[154.80469, 78.52344, 0.6823242]","[144.02344, 86.96094, 0.4205944]","[145.89844, 65.86719, 0.43184543]","[188.32031, 92.11719, 0.3606911]","[192.07031, 82.03906, 0.3452262]","[222.07031, 88.60156, 0.08390888]","[226.05469, 75.94531, 0.05842839]"
3,15,1,"[73.71094, 95.63281, 0.83933175]","[69.72656, 98.44531, 0.7375203]","[68.32031, 92.11719, 0.86828995]","[70.19531, 100.08594, 0.0038565574]","[62.226562, 79.92969, 0.80824304]","[87.07031, 97.74219, 0.5970637]","[87.30469, 63.054688, 0.4436061]","[121.28906, 108.99219, 0.6315109]","[127.14844, 67.50781, 0.48329854]","[148.71094, 118.60156, 0.71884906]","[157.61719, 85.32031, 0.6955896]","[145.89844, 96.10156, 0.36755657]","[147.53906, 73.36719, 0.35565394]","[194.88281, 96.33594, 0.19807228]","[197.69531, 95.16406, 0.260184]","[236.83594, 104.07031, 0.10842416]","[237.07031, 103.13281, 0.07288398]"
3,16,1,"[72.77344, 100.55469, 0.8268748]","[68.08594, 103.36719, 0.68213654]","[67.14844, 96.57031, 0.8567511]","[70.66406, 102.89844, 0.004430026]","[61.054688, 84.14844, 0.82883483]","[85.66406, 101.49219, 0.60498464]","[88.24219, 67.27344, 0.45944962]","[120.58594, 112.97656, 0.62180126]","[127.14844, 72.89844, 0.49955183]","[149.17969, 122.82031, 0.70508635]","[159.96094, 90.71094, 0.6738287]","[144.96094, 100.32031, 0.3397091]","[147.07031, 78.05469, 0.3631335]","[196.99219, 104.07031, 0.24467762]","[199.57031, 97.97656, 0.32611635]","[234.49219, 104.53906, 0.112834655]","[237.53906, 106.88281, 0.23930782]"
3,17,1,"[70.66406, 106.64844, 0.837165]","[66.21094, 109.46094, 0.8102079]","[64.80469, 102.89844, 0.8730267]","[56.835938, 89.53906, 0.0035650274]","[58.007812, 90.24219, 0.8103703]","[83.55469, 108.52344, 0.6151868]","[84.02344, 75.24219, 0.43962994]","[118.24219, 118.36719, 0.60035074]","[126.44531, 79.92969, 0.50203776]","[147.07031, 126.80469, 0.73322093]","[159.96094, 99.85156, 0.6835003]","[139.33594, 109.46094, 0.39777088]","[143.08594, 86.49219, 0.4009971]","[187.38281, 120.94531, 0.39516586]","[194.41406, 98.91406, 0.432382]","[223.47656, 98.67969, 0.17303267]","[237.30469, 105.47656, 0.17471425]"
3,18,1,"[69.25781, 114.85156, 0.8147174]","[64.57031, 117.66406, 0.5231984]","[63.164062, 111.33594, 0.8588413]","[55.664062, 98.21094, 0.0036060791]","[56.601562, 98.21094, 0.815716]","[81.91406, 115.08594, 0.60969675]","[80.74219, 82.97656, 0.44250137]","[116.13281, 124.69531, 0.6359456]","[124.10156, 87.66406, 0.51262665]","[144.96094, 132.19531, 0.6925039]","[157.38281, 109.46094, 0.65963036]","[144.49219, 116.72656, 0.44493786]","[149.17969, 94.46094, 0.38831332]","[189.02344, 129.85156, 0.4976396]","[200.97656, 104.77344, 0.48074177]","[236.13281, 121.41406, 0.4542523]","[238.71094, 109.22656, 0.068149276]"
3,19,1,"[69.02344, 124.46094, 0.8283789]","[64.10156, 126.80469, 0.4165997]","[62.460938, 120.94531, 0.84266365]","[66.91406, 127.03906, 0.003296345]","[55.898438, 107.58594, 0.8084307]","[81.21094, 123.52344, 0.6120072]","[79.80469, 92.58594, 0.44435856]","[116.83594, 131.96094, 0.60171336]","[124.57031, 97.74219, 0.45997062]","[145.42969, 139.69531, 0.7024623]","[157.61719, 119.07031, 0.6882952]","[145.89844, 123.52344, 0.4590645]","[149.88281, 101.25781, 0.39617953]","[194.41406, 135.71094, 0.46607533]","[200.74219, 107.82031, 0.5043828]","[238.00781, 145.78906, 0.1305699]","[238.47656, 109.46094, 0.05614119]"
3,20,1,"[68.32031, 134.77344, 0.8181218]","[63.632812, 137.58594, 0.50306296]","[61.992188, 131.02344, 0.8507865]","[55.195312, 118.36719, 0.0026635507]","[55.195312, 118.36719, 0.8011759]","[81.91406, 133.36719, 0.5764736]","[80.27344, 101.49219, 0.4384637]","[118.94531, 141.80469, 0.6242807]","[123.63281, 105.71094, 0.49331367]","[148.24219, 148.83594, 0.7182952]","[158.08594, 126.80469, 0.67504597]","[145.89844, 131.49219, 0.45380327]","[148.71094, 109.69531, 0.3908348]","[195.58594, 142.50781, 0.48636863]","[199.80469, 115.08594, 0.53601736]","[238.00781, 150.00781, 0.17800489]","[238.47656, 111.80469, 0.12533087]"
3,21,1,"[66.21094, 146.02344, 0.8291389]","[61.523438, 149.07031, 0.5216343]","[59.648438, 142.74219, 0.84999764]","[57.304688, 150.47656, 0.0041564163]","[52.148438, 129.61719, 0.813934]","[80.27344, 144.85156, 0.5657612]","[77.92969, 112.50781, 0.45080376]","[118.47656, 152.82031, 0.5941398]","[120.58594, 115.32031, 0.50097185]","[149.64844, 160.78906, 0.72348]","[157.14844, 134.53906, 0.6793638]","[144.49219, 144.85156, 0.37910038]","[147.53906, 121.41406, 0.3405208]","[198.39844, 150.47656, 0.5113898]","[198.16406, 131.25781, 0.5441282]","[238.00781, 151.41406, 0.15410799]","[237.30469, 117.66406, 0.30671707]"
3,22,1,"[64.80469, 155.63281, 0.81856334]","[59.648438, 158.67969, 0.50567293]","[57.773438, 152.58594, 0.8603648]","[48.867188, 139.46094, 0.0037036082]","[50.273438, 139.46094, 0.8223235]","[78.16406, 153.52344, 0.59117264]","[75.35156, 121.41406, 0.44759455]","[114.96094, 162.89844, 0.60718834]","[120.35156, 124.22656, 0.52389514]","[147.07031, 172.97656, 0.6638967]","[155.50781, 143.44531, 0.66350293]","[137.69531, 153.28906, 0.42041805]","[143.78906, 128.21094, 0.43157032]","[197.22656, 148.60156, 0.2730034]","[199.80469, 152.82031, 0.40006018]","[237.30469, 133.83594, 0.2702985]","[238.47656, 151.41406, 0.07447533]"
3,23,1,"[63.398438, 165.00781, 0.82701904]","[58.710938, 168.28906, 0.5517715]","[56.132812, 161.96094, 0.85408795]","[61.289062, 168.52344, 0.0037123675]","[48.867188, 148.83594, 0.81805474]","[77.22656, 162.19531, 0.58748364]","[73.71094, 130.08594, 0.45341167]","[115.19531, 172.74219, 0.6198355]","[119.88281, 132.42969, 0.48965412]","[144.72656, 185.63281, 0.67958146]","[154.80469, 152.82031, 0.6766643]","[140.03906, 155.86719, 0.32809]","[144.49219, 135.24219, 0.39921802]","[190.19531, 164.30469, 0.24243978]","[195.58594, 157.74219, 0.5088913]","[237.77344, 153.52344, 0.082434386]","[238.00781, 154.22656, 0.153983]"
3,24,1,"[62.929688, 174.38281, 0.8147949]","[57.773438, 177.42969, 0.33117765]","[55.898438, 172.03906, 0.85744953]","[47.460938, 158.21094, 0.0027640613]","[47.695312, 158.21094, 0.8345438]","[77.22656, 169.22656, 0.5404445]","[73.00781, 139.69531, 0.45679075]","[114.96094, 180.47656, 0.60222775]","[120.11719, 142.50781, 0.46849242]","[144.72656, 193.36719, 0.7065736]","[157.14844, 162.66406, 0.68415385]","[141.67969, 167.11719, 0.29101676]","[145.89844, 143.91406, 0.40436217]","[197.92969, 158.44531, 0.32413432]","[197.92969, 164.53906, 0.44981986]","[238.00781, 152.82031, 0.11363327]","[238.24219, 172.27344, 0.057388008]"
3,25,1,"[61.289062, 183.99219, 0.80921495]","[55.664062, 186.10156, 0.18801048]","[53.789062, 180.94531, 0.8409033]","[44.882812, 166.64844, 0.0029863622]","[46.054688, 166.88281, 0.8220519]","[76.52344, 176.72656, 0.50732565]","[72.53906, 148.13281, 0.43826246]","[115.19531, 187.03906, 0.60820115]","[121.99219, 153.28906, 0.44032642]","[145.42969, 198.52344, 0.6749397]","[160.66406, 173.21094, 0.64268506]","[140.27344, 176.72656, 0.31352997]","[145.66406, 155.16406, 0.34249783]","[198.86719, 167.82031, 0.29787832]","[200.03906, 170.86719, 0.4593339]","[238.00781, 155.16406, 0.21459945]","[238.24219, 174.85156, 0.0898707]"
3,26,1,"[57.773438, 193.13281, 0.80456614]","[52.617188, 195.71094, 0.15400901]","[50.507812, 190.55469, 0.8459597]","[42.304688, 175.55469, 0.003246325]","[42.539062, 175.78906, 0.82050776]","[71.83594, 183.99219, 0.44407848]","[68.32031, 157.50781, 0.41007924]","[113.78906, 192.89844, 0.5336946]","[121.28906, 165.24219, 0.42218468]","[145.42969, 202.27344, 0.71743345]","[160.66406, 185.39844, 0.65380234]","[145.66406, 179.77344, 0.3132919]","[150.35156, 164.07031, 0.31103668]","[193.00781, 191.72656, 0.25314257]","[198.63281, 175.32031, 0.30953476]","[233.08594, 171.57031, 0.15019836]","[233.78906, 175.08594, 0.112488136]"
3,27,1,"[54.726562, 204.61719, 0.8002448]","[49.335938, 206.49219, 0.033553764]","[46.992188, 201.80469, 0.84851784]","[38.789062, 186.80469, 0.0032253577]","[39.492188, 187.27344, 0.80200416]","[68.32031, 190.78906, 0.36079922]","[67.85156, 168.05469, 0.41868788]","[113.55469, 199.69531, 0.44672853]","[118.00781, 174.85156, 0.3741081]","[144.96094, 207.89844, 0.70735925]","[158.55469, 199.22656, 0.6061156]","[144.25781, 189.61719, 0.34996527]","[146.60156, 172.50781, 0.30411536]","[190.19531, 208.60156, 0.5207928]","[201.44531, 181.64844, 0.42119467]","[229.57031, 195.94531, 0.29184282]","[238.00781, 179.77344, 0.110112086]"
3,28,1,"[53.554688, 217.97656, 0.7816292]","[48.164062, 219.38281, 0.041811332]","[45.820312, 215.63281, 0.845059]","[37.617188, 200.39844, 0.0028000013]","[38.085938, 200.63281, 0.81359136]","[66.67969, 200.16406, 0.35315144]","[67.61719, 181.64844, 0.39217088]","[111.91406, 207.42969, 0.48619145]","[119.41406, 191.72656, 0.399288]","[145.42969, 218.67969, 0.65717125]","[158.08594, 214.69531, 0.6259554]","[146.83594, 198.28906, 0.328028]","[150.11719, 182.35156, 0.38167438]","[195.11719, 220.55469, 0.53079706]","[202.85156, 186.33594, 0.4406356]","[233.78906, 229.22656, 0.24801771]","[238.24219, 184.69531, 0.03616532]"
3,29,1,"[53.320312, 232.97656, 0.7846304]","[47.929688, 234.38281, 0.035549264]","[45.351562, 230.86719, 0.83623874]","[37.617188, 216.10156, 0.0026650622]","[37.617188, 216.10156, 0.80067044]","[66.44531, 212.58594, 0.2817802]","[66.91406, 197.82031, 0.39891368]","[116.60156, 221.49219, 0.3561679]","[118.47656, 208.13281, 0.45508856]","[148.47656, 232.74219, 0.6707202]","[158.32031, 231.80469, 0.55470324]","[147.53906, 212.35156, 0.30985153]","[149.64844, 198.05469, 0.38604116]","[200.27344, 232.03906, 0.4001178]","[204.25781, 200.86719, 0.34270677]","[237.30469, 239.77344, 0.08421896]","[237.53906, 198.05469, 0.0052819564]"
3,30,1,"[50.039062, 249.38281, 0.8002108]","[44.648438, 251.02344, 0.019305017]","[41.835938, 247.74219, 0.8321357]","[34.335938, 233.21094, 0.0026709498]","[34.335938, 232.97656, 0.8091073]","[65.50781, 228.99219, 0.2668528]","[61.054688, 213.52344, 0.41911846]","[112.38281, 236.25781, 0.2945695]","[113.78906, 225.24219, 0.4178023]","[146.60156, 250.32031, 0.63217807]","[155.74219, 247.27344, 0.5837865]","[145.89844, 227.11719, 0.18244451]","[149.64844, 217.74219, 0.25225237]","[200.74219, 244.22656, 0.26662123]","[208.94531, 228.75781, 0.19282123]","[234.49219, 245.16406, 0.008742109]","[232.61719, 249.85156, 0.0043853302]"
3,31,1,"[46.523438, 264.14844, 0.7909339]","[41.835938, 262.03906, 0.012016222]","[38.320312, 263.21094, 0.8400458]","[30.117188, 248.44531, 0.0026880954]","[30.117188, 248.44531, 0.8117908]","[60.351562, 240.24219, 0.2001912]","[57.773438, 230.39844, 0.38365263]","[105.82031, 248.91406, 0.33242583]","[110.97656, 240.71094, 0.4526194]","[143.32031, 265.78906, 0.5901318]","[152.46094, 262.97656, 0.5599145]","[138.63281, 238.83594, 0.2454534]","[142.85156, 232.50781, 0.36772254]","[200.50781, 254.07031, 0.09521091]","[202.14844, 258.52344, 0.41311973]","[235.19531, 239.77344, 0.0069480427]","[232.85156, 240.00781, 0.0064145452]"
3,32,1,"[44.179688, 279.14844, 0.79556525]","[39.023438, 275.16406, 0.008211825]","[35.507812, 278.21094, 0.8274086]","[27.070312, 263.6797, 0.0026527182]","[27.304688, 263.4453, 0.8103928]","[54.257812, 248.44531, 0.1734501]","[52.851562, 245.16406, 0.41290593]","[107.22656, 262.7422, 0.22287586]","[105.35156, 257.1172, 0.42125648]","[140.03906, 282.66406, 0.6092991]","[151.52344, 281.2578, 0.52877194]","[136.99219, 249.14844, 0.15243748]","[140.74219, 244.22656, 0.329607]","[199.57031, 258.0547, 0.27693456]","[200.27344, 277.03906, 0.33984417]","[234.96094, 254.77344, 0.014505411]","[236.60156, 270.2422, 0.015974957]"
3,33,1,"[43.007812, 295.5547, 0.77640307]","[38.320312, 292.03906, 0.009121271]","[34.101562, 295.08594, 0.82648766]","[30.820312, 273.52344, 0.0039216895]","[25.898438, 280.78906, 0.7886694]","[49.804688, 255.24219, 0.23456533]","[52.851562, 264.6172, 0.41424632]","[102.77344, 254.77344, 0.019125104]","[106.99219, 273.0547, 0.48003256]","[153.63281, 298.1328, 0.15188235]","[153.39844, 298.3672, 0.39966145]","[138.63281, 249.38281, 0.253249]","[142.38281, 262.97656, 0.25720853]","[201.44531, 262.27344, 0.5110498]","[202.14844, 290.8672, 0.46293896]","[176.36719, 246.80469, 0.03007643]","[235.89844, 300.9453, 0.034963332]"
3,34,1,"[41.367188, 313.83594, 0.76921654]","[35.976562, 310.5547, 0.0066550816]","[32.460938, 313.60156, 0.8291184]","[23.789062, 299.77344, 0.0025972323]","[23.789062, 299.77344, 0.7815802]","[50.507812, 270.9453, 0.22834654]","[52.617188, 283.3672, 0.40706924]","[106.05469, 273.28906, 0.0134407915]","[108.39844, 293.4453, 0.4498241]","[144.02344, 313.83594, 0.007322769]","[154.57031, 314.53906, 0.5130352]","[141.91406, 266.02344, 0.25732017]","[144.96094, 280.3203, 0.28620902]","[199.57031, 275.8672, 0.50245965]","[202.85156, 303.0547, 0.3862155]","[239.88281, 258.7578, 0.030041937]","[238.71094, 307.7422, 0.001858847]"
3,35,1,"[37.382812, 331.8828, 0.7747853]","[32.226562, 328.83594, 0.0065018274]","[28.710938, 332.58594, 0.8274684]","[18.632812, 319.6953, 0.0029031811]","[19.570312, 319.46094, 0.8026414]","[47.226562, 285.71094, 0.22280106]","[48.164062, 304.22656, 0.38134167]","[102.07031, 296.4922, 0.013262333]","[103.94531, 315.47656, 0.4100551]","[147.07031, 312.89844, 0.015889676]","[151.99219, 335.39844, 0.5832896]","[131.60156, 279.6172, 0.19383603]","[138.39844, 299.0703, 0.26344317]","[194.17969, 306.10156, 0.12164741]","[199.10156, 313.83594, 0.2578839]","[238.00781, 273.9922, 0.082158215]","[166.52344, 248.21094, 0.015420406]"
3,36,1,"[34.804688, 346.8828, 0.77043283]","[28.710938, 343.83594, 0.0046537723]","[25.898438, 348.28906, 0.81131154]","[16.054688, 336.33594, 0.002626063]","[16.054688, 336.33594, 0.79742295]","[42.539062, 301.64844, 0.2447995]","[44.648438, 321.8047, 0.44574484]","[95.74219, 311.72656, 0.02361782]","[93.86719, 334.22656, 0.45681366]","[136.99219, 333.7578, 0.3908282]","[141.21094, 352.27344, 0.50307244]","[129.25781, 295.08594, 0.15240964]","[130.42969, 312.1953, 0.2083744]","[179.17969, 321.10156, 0.04995023]","[189.02344, 324.6172, 0.34103197]","[219.25781, 349.22656, 0.035162352]","[237.30469, 318.52344, 0.12433003]"
3,37,1,"[34.101562, 359.77344, 0.7683405]","[30.117188, 362.35156, 0.004090505]","[24.960938, 362.1172, 0.7991267]","[14.8828125, 351.5703, 0.0026326717]","[14.8828125, 351.5703, 0.7918586]","[39.726562, 315.9453, 0.2525312]","[41.835938, 337.97656, 0.41916192]","[87.53906, 326.2578, 0.0038204463]","[96.91406, 354.14844, 0.35023776]","[134.17969, 345.9453, 0.32490993]","[146.60156, 370.78906, 0.6156524]","[130.89844, 308.4453, 0.15070072]","[135.11719, 327.4297, 0.2355179]","[195.82031, 348.9922, 0.3055068]","[201.44531, 330.0078, 0.30093208]","[237.53906, 348.9922, 0.06505828]","[230.97656, 354.85156, 0.00346322]"
3,38,1,"[33.867188, 371.02344, 0.75023544]","[30.351562, 374.0703, 0.003985101]","[25.898438, 374.77344, 0.80945784]","[15.8203125, 365.16406, 0.0026320086]","[15.8203125, 365.16406, 0.80630785]","[40.664062, 326.4922, 0.35881162]","[43.007812, 355.5547, 0.43892702]","[90.82031, 341.4922, 0.0068667387]","[96.21094, 369.3828, 0.43614048]","[134.17969, 361.1797, 0.25943708]","[140.74219, 384.14844, 0.5426254]","[132.53906, 324.3828, 0.17077771]","[136.05469, 343.3672, 0.22279158]","[188.08594, 357.66406, 0.36772162]","[199.80469, 344.0703, 0.25189364]","[238.00781, 365.8672, 0.07058892]","[237.77344, 333.0547, 0.005202658]"
3,39,1,"[33.867188, 379.9297, 0.7582914]","[30.351562, 382.97656, 0.0041299565]","[25.429688, 382.27344, 0.8131835]","[15.8203125, 373.1328, 0.0026604384]","[15.8203125, 372.89844, 0.80700666]","[42.773438, 332.58594, 0.37613863]","[42.539062, 366.33594, 0.43601805]","[87.30469, 333.52344, 0.005866009]","[99.96094, 382.7422, 0.4720966]","[140.27344, 390.71094, 0.003731355]","[140.97656, 393.7578, 0.58181137]","[134.17969, 333.28906, 0.24569967]","[136.28906, 355.3203, 0.2554633]","[191.13281, 357.4297, 0.21544707]","[197.69531, 361.41406, 0.37123477]","[237.77344, 369.85156, 0.062767886]","[238.24219, 339.85156, 0.046020992]"
3,40,1,"[30.117188, 387.89844, 0.4650431]","[28.242188, 390.47656, 0.011263969]","[23.789062, 390.71094, 0.8165538]","[13.0078125, 383.21094, 0.0027698227]","[14.1796875, 382.7422, 0.7941195]","[39.726562, 344.3047, 0.36257362]","[38.554688, 377.8203, 0.4380714]","[81.67969, 337.27344, 0.007679708]","[101.83594, 394.22656, 0.4327001]","[121.75781, 337.97656, 0.0053017754]","[137.46094, 407.1172, 0.59354424]","[128.32031, 341.72656, 0.22423786]","[130.42969, 366.10156, 0.20805308]","[185.50781, 367.7422, 0.2036779]","[187.38281, 385.08594, 0.2650064]","[234.25781, 364.9297, 0.21813646]","[234.96094, 365.8672, 0.20479827]"
3,41,1,"[27.539062, 398.4453, 0.22267349]","[19.804688, 402.1953, 0.005007083]","[21.679688, 400.5547, 0.7885487]","[12.7734375, 392.58594, 0.0027185886]","[12.7734375, 392.58594, 0.8064158]","[37.148438, 355.3203, 0.39741215]","[35.976562, 390.0078, 0.48036975]","[85.19531, 346.1797, 0.015028965]","[88.94531, 406.64844, 0.47667056]","[113.32031, 348.7578, 0.01069178]","[127.14844, 419.77344, 0.5883537]","[129.02344, 352.97656, 0.30372256]","[126.91406, 381.33594, 0.2693952]","[187.85156, 370.78906, 0.45965716]","[181.28906, 411.8047, 0.54030913]","[238.24219, 370.3203, 0.097797915]","[234.96094, 394.9297, 0.34868106]"
3,42,1,"[26.601562, 410.16406, 0.11920767]","[23.789062, 412.5078, 0.0038750062]","[21.679688, 411.8047, 0.77861494]","[12.7734375, 385.78906, 0.004370905]","[13.0078125, 405.47656, 0.7879534]","[38.789062, 365.6328, 0.46453395]","[35.507812, 404.53906, 0.4233358]","[73.47656, 360.0078, 0.004048176]","[96.44531, 419.77344, 0.21257281]","[239.88281, 436.8828, 0.0019451113]","[133.47656, 435.47656, 0.023837201]","[126.91406, 361.41406, 0.29295605]","[129.02344, 393.7578, 0.27756843]","[186.21094, 373.3672, 0.30277434]","[186.67969, 423.0547, 0.23869088]","[237.77344, 371.2578, 0.10318461]","[237.77344, 431.72656, 0.18052748]"
4,0,1,"[0, 0, 0]","[0, 0, 0]","[0, 0, 0]","[0, 0, 0]","[0, 0, 0]","[0, 0, 0]","[0, 0, 0]","[0, 0, 0]","[0, 0, 0]","[0, 0, 0]","[0, 0, 0]","[0, 0, 0]","[0, 0, 0]","[0, 0, 0]","[0, 0, 0]","[0, 0, 0]","[0, 0, 0]"
4,1,1,"[0, 0, 0]","[0, 0, 0]","[0, 0, 0]","[0, 0, 0]","[0, 0, 0]","[0, 0, 0]","[0, 0, 0]","[0, 0, 0]","[0, 0, 0]","[0, 0, 0]","[0, 0, 0]","[0, 0, 0]","[0, 0, 0]","[0, 0, 0]","[0, 0, 0]","[0, 0, 0]","[0, 0, 0]"
4,2,1,"[0, 0, 0]","[0, 0, 0]","[0, 0, 0]","[0, 0, 0]","[0, 0, 0]","[0, 0, 0]","[0, 0, 0]","[0, 0, 0]","[0, 0, 0]","[0, 0, 0]","[0, 0, 0]","[0, 0, 0]","[0, 0, 0]","[0, 0, 0]","[0, 0, 0]","[0, 0, 0]","[0, 0, 0]"
4,3,1,"[0, 0, 0]","[0, 0, 0]","[0, 0, 0]","[0, 0, 0]","[0, 0, 0]","[0, 0, 0]","[0, 0, 0]","[0, 0, 0]","[0, 0, 0]","[0, 0, 0]","[0, 0, 0]","[0, 0, 0]","[0, 0, 0]","[0, 0, 0]","[0, 0, 0]","[0, 0, 0]","[0, 0, 0]"
4,4,1,"[46.054688, 399.6172, 0.015012721]","[36.445312, 394.46094, 0.0062830863]","[44.179688, 398.4453, 0.0041983835]","[37.148438, 394.9297, 0.042090576]","[42.539062, 398.21094, 0.013533227]","[56.835938, 400.78906, 0.40228176]","[55.898438, 394.9297, 0.1092752]","[82.14844, 407.1172, 0.41444713]","[81.67969, 407.58594, 0.034152023]","[103.24219, 410.8672, 0.45604676]","[105.11719, 411.10156, 0.09424893]","[100.89844, 398.6797, 0.34441316]","[101.13281, 381.5703, 0.13512924]","[134.64844, 405.0078, 0.29306507]","[136.05469, 384.14844, 0.0729534]","[170.74219, 410.16406, 0.42296404]","[170.50781, 410.16406, 0.03861291]"
4,5,1,"[44.414062, 421.64844, 0.30028203]","[40.898438, 430.5547, 0.013693261]","[40.664062, 420.47656, 0.51739955]","[50.976562, 436.8828, 0.006640506]","[35.039062, 414.14844, 0.8146146]","[52.382812, 433.3672, 0.1384851]","[51.679688, 402.66406, 0.46617457]","[78.39844, 432.4297, 0.031257257]","[82.14844, 396.10156, 0.4148573]","[100.42969, 433.1328, 0.01803958]","[106.28906, 405.47656, 0.7019565]","[106.75781, 430.5547, 0.247416]","[107.69531, 411.10156, 0.43857917]","[141.21094, 433.60156, 0.16879977]","[141.44531, 413.4453, 0.5411825]","[171.44531, 417.4297, 0.14486387]","[171.67969, 412.97656, 0.44354665]"
4,6,1,"[32.929688, 434.53906, 0.023137718]","[28.710938, 433.60156, 0.007949924]","[30.585938, 433.83594, 0.031509645]","[31.523438, 436.8828, 0.0048639164]","[29.414062, 420.2422, 0.10985243]","[50.273438, 410.39844, 0.010600708]","[49.804688, 412.03906, 0.37227672]","[80.50781, 409.22656, 0.015200438]","[78.39844, 406.64844, 0.12269214]","[96.91406, 416.72656, 0.005905086]","[107.22656, 418.83594, 0.091273114]","[110.27344, 417.4297, 0.008843816]","[106.52344, 424.22656, 0.03598347]","[159.02344, 436.8828, 0.007602681]","[156.21094, 434.3047, 0.02356823]","[162.53906, 433.83594, 0.005864855]","[162.30469, 434.3047, 0.00570374]"
4,7,1,"[0, 0, 0]","[0, 0, 0]","[0, 0, 0]","[0, 0, 0]","[0, 0, 0]","[0, 0, 0]","[0, 0, 0]","[0, 0, 0]","[0, 0, 0]","[0, 0, 0]","[0, 0, 0]","[0, 0, 0]","[0, 0, 0]","[0, 0, 0]","[0, 0, 0]","[0, 0, 0]","[0, 0, 0]"
4,8,1,"[0, 0, 0]","[0, 0, 0]","[0, 0, 0]","[0, 0, 0]","[0, 0, 0]","[0, 0, 0]","[0, 0, 0]","[0, 0, 0]","[0, 0, 0]","[0, 0, 0]","[0, 0, 0]","[0, 0, 0]","[0, 0, 0]","[0, 0, 0]","[0, 0, 0]","[0, 0, 0]","[0, 0, 0]"
4,9,1,"[0, 0, 0]","[0, 0, 0]","[0, 0, 0]","[0, 0, 0]","[0, 0, 0]","[0, 0, 0]","[0, 0, 0]","[0, 0, 0]","[0, 0, 0]","[0, 0, 0]","[0, 0, 0]","[0, 0, 0]","[0, 0, 0]","[0, 0, 0]","[0, 0, 0]","[0, 0, 0]","[0, 0, 0]"
4,10,1,"[0, 0, 0]","[0, 0, 0]","[0, 0, 0]","[0, 0, 0]","[0, 0, 0]","[0, 0, 0]","[0, 0, 0]","[0, 0, 0]","[0, 0, 0]","[0, 0, 0]","[0, 0, 0]","[0, 0, 0]","[0, 0, 0]","[0, 0, 0]","[0, 0, 0]","[0, 0, 0]","[0, 0, 0]"
4,11,1,"[0, 0, 0]","[0, 0, 0]","[0, 0, 0]","[0, 0, 0]","[0, 0, 0]","[0, 0, 0]","[0, 0, 0]","[0, 0, 0]","[0, 0, 0]","[0, 0, 0]","[0, 0, 0]","[0, 0, 0]","[0, 0, 0]","[0, 0, 0]","[0, 0, 0]","[0, 0, 0]","[0, 0, 0]"
4,12,1,"[0, 0, 0]","[0, 0, 0]","[0, 0, 0]","[0, 0, 0]","[0, 0, 0]","[0, 0, 0]","[0, 0, 0]","[0, 0, 0]","[0, 0, 0]","[0, 0, 0]","[0, 0, 0]","[0, 0, 0]","[0, 0, 0]","[0, 0, 0]","[0, 0, 0]","[0, 0, 0]","[0, 0, 0]"
4,13,1,"[0, 0, 0]","[0, 0, 0]","[0, 0, 0]","[0, 0, 0]","[0, 0, 0]","[0, 0, 0]","[0, 0, 0]","[0, 0, 0]","[0, 0, 0]","[0, 0, 0]","[0, 0, 0]","[0, 0, 0]","[0, 0, 0]","[0, 0, 0]","[0, 0, 0]","[0, 0, 0]","[0, 0, 0]"
4,14,1,"[0, 0, 0]","[0, 0, 0]","[0, 0, 0]","[0, 0, 0]","[0, 0, 0]","[0, 0, 0]","[0, 0, 0]","[0, 0, 0]","[0, 0, 0]","[0, 0, 0]","[0, 0, 0]","[0, 0, 0]","[0, 0, 0]","[0, 0, 0]","[0, 0, 0]","[0, 0, 0]","[0, 0, 0]"
4,15,1,"[0, 0, 0]","[0, 0, 0]","[0, 0, 0]","[0, 0, 0]","[0, 0, 0]","[0, 0, 0]","[0, 0, 0]","[0, 0, 0]","[0, 0, 0]","[0, 0, 0]","[0, 0, 0]","[0, 0, 0]","[0, 0, 0]","[0, 0, 0]","[0, 0, 0]","[0, 0, 0]","[0, 0, 0]"
4,16,1,"[0, 0, 0]","[0, 0, 0]","[0, 0, 0]","[0, 0, 0]","[0, 0, 0]","[0, 0, 0]","[0, 0, 0]","[0, 0, 0]","[0, 0, 0]","[0, 0, 0]","[0, 0, 0]","[0, 0, 0]","[0, 0, 0]","[0, 0, 0]","[0, 0, 0]","[0, 0, 0]","[0, 0, 0]"
4,17,1,"[27.539062, 436.8828, 0.018537596]","[28.710938, 432.89844, 0.0025189263]","[28.476562, 434.3047, 0.038498018]","[35.742188, 436.8828, 0.0048896046]","[24.023438, 425.6328, 0.06495875]","[47.929688, 417.89844, 0.005659693]","[48.398438, 419.0703, 0.54603326]","[91.28906, 416.72656, 0.0062209545]","[84.02344, 414.85156, 0.4458394]","[116.60156, 417.66406, 0.006978244]","[116.13281, 417.1953, 0.5921544]","[112.14844, 434.77344, 0.0015527273]","[109.80469, 433.60156, 0.039961092]","[170.50781, 436.8828, 0.008410501]","[168.16406, 432.66406, 0.021902416]","[200.27344, 433.60156, 0.0066013364]","[203.55469, 428.6797, 0.010263234]"
4,18,1,"[30.351562, 421.1797, 0.015625909]","[25.898438, 424.6953, 0.022784844]","[28.710938, 420.2422, 0.05127924]","[21.445312, 433.1328, 0.019684378]","[27.773438, 418.83594, 0.021854326]","[45.117188, 419.53906, 0.010083424]","[48.398438, 418.60156, 0.5354769]","[84.02344, 412.7422, 0.0121810045]","[84.96094, 412.03906, 0.38780966]","[120.58594, 413.6797, 0.018017856]","[119.41406, 413.4453, 0.6109456]","[120.11719, 434.53906, 0.0015150304]","[111.21094, 433.60156, 0.03608124]","[159.02344, 436.8828, 0.019072842]","[165.82031, 432.4297, 0.022076957]","[208.00781, 428.91406, 0.00661021]","[210.82031, 428.6797, 0.009883201]"
4,19,1,"[29.648438, 420.2422, 0.022256281]","[25.664062, 420.9453, 0.027840354]","[27.070312, 419.3047, 0.050210267]","[22.148438, 433.1328, 0.034196623]","[27.304688, 418.60156, 0.06154304]","[43.945312, 417.89844, 0.020407412]","[44.882812, 417.89844, 0.493497]","[88.00781, 409.22656, 0.12600744]","[83.78906, 409.9297, 0.23272023]","[120.35156, 408.28906, 0.26631922]","[118.47656, 408.52344, 0.34577832]","[117.77344, 431.96094, 0.019346463]","[118.47656, 432.66406, 0.016373517]","[162.30469, 432.66406, 0.03036574]","[167.92969, 434.0703, 0.046009824]","[202.61719, 405.71094, 0.1070251]","[207.07031, 433.83594, 0.037100274]"
4,20,1,"[31.054688, 417.89844, 0.41927004]","[25.195312, 420.47656, 0.26720333]","[26.601562, 416.02344, 0.4039973]","[24.726562, 435.47656, 0.062163286]","[26.367188, 413.21094, 0.30742192]","[22.148438, 434.77344, 0.00249225]","[44.414062, 414.85156, 0.51004404]","[21.210938, 435.71094, 0.0019476049]","[82.61719, 407.58594, 0.5257201]","[120.11719, 402.89844, 0.0042168996]","[118.71094, 403.60156, 0.6597842]","[109.10156, 434.53906, 0.0024298807]","[108.39844, 426.33594, 0.14674446]","[159.72656, 416.96094, 0.007057168]","[159.49219, 417.89844, 0.34370363]","[208.71094, 436.8828, 0.017822672]","[208.94531, 432.89844, 0.03978447]"
4,21,1,"[31.757812, 408.52344, 0.79712236]","[25.898438, 412.03906, 0.8057916]","[28.007812, 406.1797, 0.4146959]","[16.992188, 423.0547, 0.38406694]","[16.992188, 424.22656, 0.0032291124]","[15.8203125, 434.3047, 0.0026626461]","[45.351562, 410.16406, 0.5370936]","[80.27344, 432.1953, 0.023199905]","[82.61719, 401.4922, 0.5765812]","[106.05469, 415.78906, 0.022201441]","[119.17969, 397.97656, 0.65545213]","[111.21094, 419.53906, 0.0020954052]","[114.49219, 416.96094, 0.16638029]","[170.03906, 435.9453, 0.048780147]","[171.21094, 414.85156, 0.3608645]","[221.83594, 431.02344, 0.07055962]","[220.19531, 428.91406, 0.15994874]"
4,22,1,"[34.101562, 397.27344, 0.81472945]","[28.476562, 401.02344, 0.7919489]","[29.882812, 394.6953, 0.34778967]","[15.8203125, 415.78906, 0.8079755]","[15.8203125, 415.78906, 0.0027643107]","[39.960938, 435.0078, 0.10741102]","[47.226562, 400.08594, 0.5748116]","[88.24219, 431.96094, 0.0049726265]","[86.36719, 394.46094, 0.6245644]","[129.72656, 432.89844, 0.14931054]","[122.69531, 391.1797, 0.68013185]","[126.91406, 434.53906, 0.01676028]","[125.50781, 411.8047, 0.31621104]","[176.36719, 414.14844, 0.41616464]","[172.14844, 409.9297, 0.4776944]","[229.33594, 409.22656, 0.4466025]","[204.49219, 404.77344, 0.28338367]"
4,23,1,"[35.976562, 384.6172, 0.8153951]","[30.351562, 388.83594, 0.809047]","[31.757812, 382.27344, 0.42506048]","[17.460938, 402.4297, 0.7945224]","[34.570312, 385.3203, 0.0032192557]","[39.726562, 430.5547, 0.21888879]","[50.507812, 388.83594, 0.5931239]","[87.53906, 432.4297, 0.029657312]","[90.82031, 384.85156, 0.5603219]","[130.19531, 418.60156, 0.36987346]","[126.44531, 383.91406, 0.67532307]","[122.46094, 433.60156, 0.12953852]","[126.91406, 403.3672, 0.32773045]","[180.35156, 433.83594, 0.19593064]","[177.07031, 406.41406, 0.49474075]","[233.55469, 431.2578, 0.069087885]","[229.57031, 408.0547, 0.38380396]"
4,24,1,"[36.445312, 370.78906, 0.8245944]","[30.351562, 373.1328, 0.83893466]","[32.460938, 367.5078, 0.5854469]","[17.929688, 386.96094, 0.819664]","[32.695312, 368.6797, 0.0030164188]","[35.273438, 415.08594, 0.40389073]","[50.976562, 376.41406, 0.5844999]","[84.72656, 415.78906, 0.1899642]","[90.35156, 373.60156, 0.5820966]","[128.08594, 405.0078, 0.19372705]","[127.14844, 372.4297, 0.66604674]","[115.19531, 415.5547, 0.31634918]","[117.53906, 390.71094, 0.4549014]","[177.53906, 410.16406, 0.34805542]","[175.42969, 399.14844, 0.48401585]","[228.63281, 407.58594, 0.28966075]","[227.69531, 407.58594, 0.15138465]"
4,25,1,"[37.382812, 361.64844, 0.7949947]","[30.585938, 363.52344, 0.8009918]","[32.695312, 358.60156, 0.09873316]","[18.398438, 376.8828, 0.82326853]","[18.398438, 376.64844, 0.0028643808]","[39.023438, 407.8203, 0.3654629]","[51.679688, 368.6797, 0.58802915]","[87.53906, 407.58594, 0.32055652]","[91.28906, 365.8672, 0.5765227]","[126.21094, 394.46094, 0.6383752]","[126.91406, 363.7578, 0.66367507]","[113.08594, 408.9922, 0.33503196]","[116.83594, 385.08594, 0.42231026]","[178.00781, 402.4297, 0.49809128]","[174.72656, 397.27344, 0.37358674]","[233.78906, 411.10156, 0.30727577]","[201.67969, 402.66406, 0.2955897]"
4,26,1,"[38.789062, 352.03906, 0.8093156]","[31.992188, 353.91406, 0.777171]","[33.164062, 350.8672, 0.025260292]","[19.804688, 367.7422, 0.7992823]","[20.039062, 367.5078, 0.0027511362]","[41.132812, 397.03906, 0.37999755]","[51.914062, 361.1797, 0.57214415]","[88.71094, 402.66406, 0.4483884]","[93.16406, 359.0703, 0.55908877]","[130.19531, 384.14844, 0.6485101]","[129.25781, 356.72656, 0.6544726]","[118.00781, 405.2422, 0.36998537]","[121.99219, 378.52344, 0.34017777]","[181.05469, 395.16406, 0.4654931]","[175.89844, 394.9297, 0.29284248]","[235.89844, 391.64844, 0.26003152]","[224.64844, 405.71094, 0.20949027]"
4,27,1,"[39.960938, 346.41406, 0.81026]","[33.398438, 348.0547, 0.8016681]","[35.039062, 343.3672, 0.1030586]","[20.976562, 361.64844, 0.82019246]","[20.742188, 361.64844, 0.002882692]","[43.945312, 393.28906, 0.38913715]","[53.085938, 355.5547, 0.5591627]","[95.74219, 395.8672, 0.46965513]","[94.80469, 353.4453, 0.5460686]","[134.41406, 378.0547, 0.66658264]","[131.83594, 350.39844, 0.6734549]","[122.46094, 399.14844, 0.4234259]","[125.74219, 370.5547, 0.29112476]","[179.17969, 387.66406, 0.46118322]","[175.66406, 390.71094, 0.4118191]","[236.83594, 385.3203, 0.24917763]","[225.58594, 405.9453, 0.3254537]"
4,28,1,"[39.960938, 336.8047, 0.8218539]","[33.632812, 338.21094, 0.7810788]","[35.273438, 335.39844, 0.019869454]","[21.210938, 353.21094, 0.79288995]","[21.210938, 353.4453, 0.0026955015]","[44.179688, 383.91406, 0.36784363]","[54.023438, 348.28906, 0.5052562]","[99.25781, 381.8047, 0.27365422]","[95.74219, 345.71094, 0.5702641]","[141.44531, 368.21094, 0.6184996]","[133.24219, 341.4922, 0.6862432]","[127.14844, 388.3672, 0.3540066]","[126.91406, 364.22656, 0.28250661]","[194.41406, 375.71094, 0.44548216]","[173.78906, 366.10156, 0.1489839]","[237.53906, 381.33594, 0.09120439]","[208.00781, 394.22656, 0.23816958]"
4,29,1,"[38.789062, 326.4922, 0.78520256]","[31.289062, 329.53906, 0.7084944]","[33.164062, 326.2578, 0.027434457]","[19.804688, 343.1328, 0.8050654]","[19.804688, 342.89844, 0.0027504822]","[43.945312, 372.66406, 0.3641382]","[52.851562, 340.78906, 0.39052773]","[103.47656, 367.03906, 0.32621658]","[94.10156, 337.7422, 0.5667001]","[144.49219, 355.08594, 0.60562587]","[131.83594, 330.9453, 0.6593705]","[125.03906, 379.9297, 0.34845114]","[125.50781, 353.4453, 0.2984228]","[175.89844, 371.96094, 0.26289666]","[176.13281, 346.1797, 0.37673414]","[234.96094, 380.8672, 0.3173608]","[223.24219, 382.03906, 0.18539771]"
4,30,1,"[39.960938, 315.0078, 0.7867822]","[32.929688, 316.41406, 0.7625104]","[34.804688, 313.60156, 0.010362748]","[20.273438, 330.47656, 0.7833383]","[20.273438, 330.0078, 0.0026747196]","[44.882812, 362.1172, 0.36221918]","[51.445312, 333.28906, 0.31034306]","[101.83594, 359.0703, 0.4484114]","[95.74219, 330.9453, 0.5739483]","[147.30469, 337.5078, 0.5860888]","[130.89844, 320.39844, 0.65887207]","[132.30469, 368.6797, 0.23718295]","[131.60156, 342.66406, 0.33120435]","[197.69531, 371.4922, 0.4049948]","[180.58594, 333.52344, 0.5668483]","[237.53906, 378.9922, 0.037445627]","[229.57031, 351.8047, 0.23836976]"
4,31,1,"[43.007812, 301.8828, 0.7644522]","[35.976562, 302.8203, 0.7572859]","[38.554688, 299.53906, 0.0075700926]","[23.789062, 316.41406, 0.8034439]","[23.789062, 316.41406, 0.0027620126]","[46.054688, 346.64844, 0.42832237]","[52.617188, 323.21094, 0.27383775]","[103.71094, 345.0078, 0.44057938]","[98.78906, 321.8047, 0.528964]","[144.96094, 321.10156, 0.553866]","[133.94531, 311.02344, 0.63549316]","[130.42969, 362.58594, 0.3053046]","[132.77344, 339.14844, 0.32425085]","[193.24219, 363.28906, 0.4485395]","[184.10156, 328.83594, 0.56694084]","[237.77344, 377.35156, 0.09565689]","[237.30469, 325.08594, 0.25665122]"
4,32,1,"[45.820312, 288.0547, 0.7715358]","[38.789062, 287.8203, 0.74516773]","[40.898438, 285.47656, 0.007997401]","[26.367188, 300.9453, 0.78423876]","[26.367188, 301.1797, 0.0026979744]","[48.398438, 330.9453, 0.40574175]","[52.617188, 311.96094, 0.2726649]","[102.30469, 330.0078, 0.46618262]","[102.07031, 310.78906, 0.44056794]","[145.19531, 307.5078, 0.55687296]","[136.99219, 302.58594, 0.54870355]","[135.82031, 347.8203, 0.31062868]","[137.22656, 327.66406, 0.30251104]","[189.96094, 350.39844, 0.4422437]","[190.66406, 322.27344, 0.4966489]","[237.77344, 373.1328, 0.03966026]","[238.24219, 322.7422, 0.13248022]"
4,33,1,"[48.398438, 273.28906, 0.79809064]","[41.367188, 272.58594, 0.7728026]","[46.523438, 269.53906, 0.0068760123]","[29.179688, 284.53906, 0.78301626]","[28.945312, 284.53906, 0.0027030224]","[49.101562, 312.89844, 0.3534369]","[49.570312, 302.8203, 0.20414439]","[103.94531, 312.89844, 0.47592312]","[104.17969, 298.60156, 0.18999073]","[145.42969, 295.3203, 0.6120733]","[141.44531, 292.03906, 0.16451573]","[134.64844, 330.2422, 0.27311984]","[133.24219, 320.16406, 0.14773178]","[192.77344, 321.8047, 0.42200717]","[193.71094, 313.83594, 0.46005762]","[235.42969, 359.53906, 0.06998095]","[238.24219, 319.22656, 0.04926277]"
4,34,1,"[50.273438, 260.8672, 0.805645]","[43.476562, 260.16406, 0.7899542]","[46.289062, 257.8203, 0.0072216466]","[30.585938, 270.47656, 0.7943624]","[30.351562, 270.0078, 0.0027481178]","[51.914062, 297.66406, 0.33068877]","[47.929688, 295.08594, 0.18914425]","[104.64844, 297.4297, 0.44913065]","[103.71094, 288.7578, 0.06018223]","[145.89844, 282.1953, 0.59947705]","[144.49219, 284.3047, 0.01030483]","[131.60156, 316.64844, 0.33895254]","[130.89844, 308.91406, 0.18083905]","[193.00781, 303.9922, 0.43770176]","[191.36719, 311.4922, 0.23485325]","[237.30469, 321.10156, 0.032947913]","[237.30469, 325.78906, 0.044483054]"
4,35,1,"[52.851562, 248.67969, 0.8163708]","[46.054688, 246.57031, 0.7946955]","[50.273438, 244.92969, 0.005224974]","[33.632812, 256.8828, 0.81257224]","[33.632812, 256.64844, 0.002871346]","[54.023438, 281.4922, 0.33304727]","[48.398438, 284.77344, 0.25018314]","[107.46094, 283.3672, 0.475803]","[109.33594, 277.7422, 0.029263481]","[145.19531, 268.1328, 0.61901]","[142.38281, 268.83594, 0.0420095]","[134.64844, 301.1797, 0.3337637]","[132.77344, 308.91406, 0.2120349]","[194.17969, 285.0078, 0.52977514]","[191.13281, 305.8672, 0.4254631]","[239.88281, 316.41406, 0.003805609]","[238.00781, 318.52344, 0.05228894]"
4,36,1,"[56.601562, 236.25781, 0.79295266]","[50.039062, 233.91406, 0.82676613]","[54.023438, 232.03906, 0.0054682074]","[37.617188, 242.82031, 0.7996095]","[37.617188, 243.05469, 0.002729045]","[57.070312, 265.08594, 0.36600366]","[53.320312, 270.9453, 0.2364932]","[112.14844, 268.3672, 0.503041]","[96.21094, 273.7578, 0.0030011719]","[152.92969, 256.41406, 0.67713535]","[145.19531, 265.5547, 0.0030748]","[137.22656, 287.8203, 0.35488278]","[133.71094, 296.96094, 0.24856202]","[197.92969, 276.33594, 0.52855426]","[193.24219, 296.96094, 0.46265298]","[239.88281, 315.2422, 0.002139302]","[238.00781, 315.47656, 0.02224476]"
4,37,1,"[58.710938, 223.83594, 0.80368847]","[51.914062, 220.78906, 0.79426926]","[50.976562, 218.44531, 0.0039154226]","[39.960938, 228.28906, 0.8189522]","[39.726562, 228.28906, 0.0028437297]","[59.648438, 249.61719, 0.4060284]","[54.726562, 256.1797, 0.23931491]","[111.91406, 251.25781, 0.47189182]","[147.77344, 247.74219, 0.0024616416]","[156.21094, 242.35156, 0.6610118]","[147.30469, 250.55469, 0.0497419]","[138.86719, 271.41406, 0.33117217]","[136.05469, 281.72656, 0.21924889]","[200.03906, 264.14844, 0.43859166]","[194.17969, 274.22656, 0.36525437]","[239.88281, 273.28906, 0.0026735137]","[234.25781, 308.91406, 0.014921502]"
4,38,1,"[59.648438, 212.35156, 0.8017634]","[53.320312, 209.53906, 0.7750937]","[55.898438, 209.53906, 0.0071795546]","[40.898438, 215.63281, 0.82375264]","[41.132812, 215.39844, 0.0028605275]","[59.648438, 236.02344, 0.44016528]","[55.195312, 245.16406, 0.26056036]","[109.10156, 236.72656, 0.4412238]","[102.77344, 243.52344, 0.010613389]","[157.85156, 225.47656, 0.6993203]","[147.07031, 236.02344, 0.27589017]","[139.10156, 263.21094, 0.3156755]","[132.77344, 267.89844, 0.13628966]","[196.28906, 255.71094, 0.36658233]","[193.24219, 255.24219, 0.18964523]","[237.07031, 266.96094, 0.013323035]","[236.83594, 266.72656, 0.013055437]"
4,39,1,"[60.585938, 202.50781, 0.7908846]","[54.492188, 198.52344, 0.7577104]","[57.773438, 198.52344, 0.0049949074]","[42.070312, 203.91406, 0.8194415]","[40.429688, 213.28906, 0.0031501837]","[60.585938, 223.36719, 0.46005413]","[54.492188, 233.44531, 0.22263065]","[108.16406, 223.36719, 0.39588094]","[102.77344, 228.28906, 0.021649472]","[157.38281, 210.47656, 0.6697569]","[142.61719, 226.41406, 0.5392536]","[136.28906, 254.07031, 0.34051543]","[132.53906, 255.71094, 0.16366902]","[194.17969, 249.38281, 0.38079265]","[188.08594, 235.32031, 0.4980945]","[237.30469, 261.10156, 0.013294162]","[235.42969, 255.24219, 0.028854303]"
4,40,1,"[63.164062, 191.96094, 0.8013178]","[56.835938, 187.97656, 0.7752135]","[59.414062, 188.91406, 0.0059182956]","[45.351562, 192.66406, 0.8124467]","[45.351562, 192.66406, 0.0028657392]","[63.632812, 211.17969, 0.43784618]","[57.539062, 221.96094, 0.23434111]","[105.82031, 210.00781, 0.50286585]","[99.25781, 231.57031, 0.011768638]","[156.67969, 198.99219, 0.6764984]","[143.55469, 217.97656, 0.40057164]","[137.46094, 244.22656, 0.29158536]","[134.88281, 246.33594, 0.1774147]","[194.41406, 243.05469, 0.3751905]","[192.07031, 230.16406, 0.33962432]","[230.97656, 225.71094, 0.00417327]","[237.07031, 224.53906, 0.052657768]"
4,41,1,"[65.74219, 182.11719, 0.7910944]","[60.117188, 177.89844, 0.78374183]","[58.242188, 175.78906, 0.008481008]","[48.398438, 182.58594, 0.8126245]","[48.164062, 182.35156, 0.0027459506]","[65.97656, 199.69531, 0.4800458]","[61.992188, 214.69531, 0.2432639]","[110.74219, 199.69531, 0.3868208]","[99.25781, 224.53906, 0.005194516]","[157.14844, 190.78906, 0.6788818]","[147.07031, 212.58594, 0.20706132]","[138.16406, 228.99219, 0.28721482]","[136.99219, 238.36719, 0.22391587]","[196.28906, 233.44531, 0.33213556]","[194.88281, 225.24219, 0.22456834]","[237.53906, 255.71094, 0.020340767]","[234.49219, 228.75781, 0.02153415]"
4,42,1,"[66.67969, 172.97656, 0.7635484]","[60.820312, 168.28906, 0.7447915]","[62.929688, 170.16406, 0.0049962113]","[49.570312, 172.97656, 0.830177]","[47.226562, 183.28906, 0.0035321459]","[68.32031, 187.97656, 0.45078644]","[61.289062, 202.74219, 0.27545273]","[112.85156, 188.44531, 0.48274913]","[98.78906, 209.53906, 0.007151855]","[154.33594, 185.39844, 0.6542645]","[148.71094, 194.07031, 0.0045572184]","[139.33594, 215.16406, 0.28633144]","[133.00781, 229.69531, 0.24878058]","[197.22656, 213.28906, 0.43813345]","[193.00781, 220.78906, 0.29492688]","[237.53906, 240.94531, 0.05033975]","[237.30469, 236.72656, 0.010571299]"
