0,4,1,"[25, 5, 167.0]","[25, 3, 167.0]","[0, -10, 190.0]","[25, 7, 167.0]","[27, 5, 167.0]","[37, 5, 167.0]","[38, 5, 167.0]","[70, 19, 178.0]","[72, 18, 179.0]","[91, 22, 163.0]","[91, 22, 163.0]","[88, -10, 188.0]","[83, -4, 187.0]","[97, -8, 192.0]","[98, -7, 193.0]","[94, 20, 167.0]","[94, 19, 169.0]"
0,5,1,"[4, 36, 114.0]","[0, 41, 114.0]","[0, 31, 117.0]","[0, 44, 114.0]","[2, 16, 117.0]","[24, 40, 129.0]","[20, 8, 114.0]","[55, 42, 130.0]","[67, 1, 114.0]","[98, 47, 138.0]","[96, 27, 109.0]","[92, 44, 137.0]","[95, 14, 121.0]","[146, 52, 132.0]","[144, 18, 118.0]","[198, 63, 90.0]","[203, 30, 78.0]"
0,6,1,"[3, 99, 101.0]","[0, 104, 98.0]","[0, 97, 102.0]","[4, 108, 98.0]","[4, 100, 102.0]","[26, 99, 114.0]","[20, 59, 97.0]","[63, 112, 125.0]","[62, 44, 97.0]","[93, 132, 158.0]","[107, 45, 102.0]","[100, 93, 114.0]","[102, 73, 104.0]","[153, 81, 114.0]","[159, 97, 112.0]","[200, 67, 86.0]","[209, 114, 121.0]"
0,7,1,"[6, 116, 97.0]","[1, 121, 97.0]","[1, 112, 95.0]","[0, 125, 97.0]","[2, 97, 97.0]","[30, 115, 109.0]","[24, 78, 95.0]","[66, 125, 124.0]","[69, 64, 95.0]","[96, 143, 139.0]","[111, 67, 100.0]","[102, 110, 111.0]","[103, 91, 102.0]","[154, 95, 115.0]","[162, 113, 114.0]","[196, 68, 109.0]","[214, 124, 118.0]"
0,8,1,"[3, 132, 90.0]","[0, 136, 97.0]","[0, 127, 92.0]","[0, 140, 90.0]","[2, 112, 92.0]","[28, 131, 109.0]","[22, 96, 89.0]","[69, 138, 116.0]","[69, 87, 88.0]","[101, 146, 133.0]","[114, 101, 97.0]","[99, 130, 109.0]","[100, 109, 97.0]","[160, 132, 118.0]","[162, 122, 110.0]","[186, 86, 130.0]","[213, 125, 120.0]"
0,9,1,"[2, 149, 90.0]","[1, 153, 92.0]","[0, 146, 88.0]","[2, 153, 92.0]","[2, 132, 88.0]","[25, 143, 100.0]","[21, 111, 85.0]","[64, 143, 100.0]","[65, 110, 85.0]","[111, 145, 109.0]","[114, 140, 102.0]","[104, 146, 111.0]","[107, 122, 90.0]","[154, 160, 122.0]","[163, 128, 104.0]","[185, 131, 122.0]","[214, 126, 119.0]"
0,10,1,"[1, 167, 88.0]","[0, 171, 89.0]","[0, 163, 88.0]","[0, 176, 88.0]","[2, 151, 84.0]","[24, 158, 97.0]","[20, 132, 83.0]","[76, 159, 100.0]","[69, 131, 83.0]","[95, 164, 97.0]","[108, 169, 103.0]","[102, 161, 93.0]","[106, 135, 96.0]","[159, 176, 118.0]","[163, 135, 107.0]","[211, 171, 126.0]","[214, 126, 118.0]"
0,11,1,"[8, 190, 88.0]","[3, 194, 91.0]","[0, 186, 89.0]","[5, 192, 88.0]","[1, 171, 88.0]","[28, 176, 94.0]","[25, 152, 83.0]","[75, 178, 97.0]","[77, 158, 83.0]","[100, 185, 86.0]","[110, 188, 84.0]","[112, 175, 92.0]","[113, 151, 96.0]","[165, 187, 114.0]","[167, 147, 104.0]","[220, 196, 116.0]","[215, 126, 118.0]"
0,12,1,"[7, 213, 88.0]","[4, 217, 90.0]","[1, 210, 88.0]","[9, 224, 88.0]","[1, 198, 88.0]","[31, 206, 16.0]","[24, 175, 83.0]","[70, 202, 102.0]","[80, 174, 83.0]","[107, 199, 112.0]","[117, 193, 86.0]","[110, 197, 94.0]","[111, 176, 90.0]","[167, 205, 110.0]","[168, 178, 104.0]","[220, 199, 118.0]","[206, 139, 118.0]"
0,13,1,"[7, 237, 83.0]","[1, 239, 17.0]","[0, 233, 89.0]","[4, 235, 88.0]","[1, 218, 88.0]","[27, 217, 88.0]","[22, 197, 83.0]","[74, 221, 96.0]","[70, 187, 83.0]","[110, 229, 137.0]","[118, 192, 89.0]","[108, 212, 98.0]","[108, 200, 88.0]","[170, 220, 107.0]","[168, 211, 100.0]","[220, 199, 116.0]","[204, 172, 116.0]"
0,14,1,"[7, 258, 90.0]","[3, 262, 89.0]","[1, 255, 90.0]","[4, 256, 89.0]","[2, 237, 88.0]","[23, 228, 88.0]","[21, 214, 83.0]","[70, 237, 95.0]","[67, 198, 83.0]","[104, 255, 125.0]","[118, 199, 86.0]","[107, 225, 90.0]","[106, 218, 88.0]","[160, 215, 107.0]","[167, 246, 97.0]","[219, 199, 118.0]","[219, 228, 117.0]"
0,15,1,"[13, 280, 82.0]","[6, 284, 90.0]","[4, 278, 89.0]","[8, 280, 89.0]","[1, 262, 88.0]","[31, 255, 87.0]","[26, 240, 83.0]","[76, 255, 97.0]","[69, 221, 81.0]","[104, 276, 126.0]","[123, 221, 88.0]","[110, 246, 93.0]","[110, 237, 87.0]","[166, 220, 107.0]","[177, 259, 100.0]","[220, 198, 118.0]","[232, 277, 108.0]"
0,16,1,"[9, 299, 90.0]","[13, 297, 88.0]","[0, 299, 92.0]","[12, 311, 20.0]","[2, 290, 88.0]","[35, 277, 83.0]","[32, 266, 81.0]","[84, 271, 89.0]","[87, 254, 83.0]","[112, 285, 113.0]","[132, 260, 88.0]","[118, 276, 95.0]","[121, 255, 85.0]","[167, 241, 107.0]","[181, 278, 102.0]","[213, 205, 118.0]","[233, 281, 104.0]"
1,18,1,"[1, 267, 169.0]","[0, 272, 100.0]","[0, 264, 116.0]","[0, 293, 97.0]","[0, 264, 169.0]","[28, 307, 90.0]","[31, 285, 108.0]","[79, 318, 85.0]","[76, 273, 18.0]","[123, 309, 90.0]","[106, 254, 181.0]","[111, 290, 103.0]","[108, 273, 127.0]","[166, 261, 131.0]","[135, 231, 179.0]","[214, 289, 121.0]","[200, 292, 116.0]"
1,19,1,"[10, 248, 158.0]","[2, 252, 109.0]","[5, 247, 162.0]","[0, 269, 92.0]","[214, 286, 118.0]","[28, 286, 90.0]","[31, 267, 111.0]","[77, 300, 89.0]","[80, 261, 111.0]","[124, 291, 94.0]","[102, 232, 171.0]","[116, 271, 102.0]","[114, 265, 108.0]","[168, 240, 114.0]","[169, 277, 116.0]","[222, 232, 123.0]","[221, 286, 119.0]"
1,20,1,"[12, 226, 92.0]","[4, 228, 178.0]","[0, 221, 92.0]","[1, 251, 92.0]","[0, 251, 92.0]","[31, 263, 90.0]","[30, 251, 98.0]","[81, 271, 89.0]","[77, 246, 111.0]","[130, 256, 97.0]","[101, 221, 130.0]","[114, 251, 102.0]","[114, 259, 97.0]","[174, 223, 114.0]","[164, 261, 112.0]","[225, 212, 69.0]","[219, 283, 120.0]"
1,21,1,"[8, 204, 97.0]","[0, 205, 94.0]","[0, 201, 92.0]","[1, 221, 88.0]","[5, 203, 92.0]","[27, 238, 83.0]","[25, 237, 83.0]","[85, 225, 85.0]","[76, 235, 83.0]","[129, 215, 92.0]","[88, 221, 87.0]","[114, 228, 86.0]","[108, 246, 91.0]","[171, 210, 102.0]","[158, 229, 102.0]","[226, 210, 65.0]","[207, 265, 121.0]"
1,22,1,"[1, 186, 88.0]","[0, 187, 88.0]","[0, 183, 88.0]","[0, 206, 85.0]","[2, 232, 91.0]","[24, 217, 83.0]","[25, 217, 83.0]","[69, 203, 81.0]","[72, 222, 88.0]","[113, 175, 97.0]","[118, 160, 153.0]","[103, 214, 90.0]","[101, 208, 90.0]","[161, 203, 101.0]","[152, 193, 116.0]","[225, 210, 68.0]","[202, 226, 122.0]"
1,23,1,"[3, 164, 95.0]","[0, 167, 92.0]","[0, 158, 85.0]","[0, 179, 85.0]","[2, 181, 85.0]","[24, 191, 81.0]","[24, 210, 85.0]","[74, 171, 82.0]","[65, 211, 90.0]","[103, 140, 105.0]","[100, 157, 84.0]","[105, 201, 92.0]","[100, 214, 95.0]","[168, 199, 108.0]","[152, 173, 118.0]","[226, 210, 62.0]","[207, 171, 128.0]"
1,24,1,"[7, 145, 95.0]","[1, 147, 94.0]","[0, 142, 17.0]","[1, 158, 93.0]","[0, 158, 88.0]","[23, 168, 83.0]","[26, 191, 90.0]","[73, 154, 83.0]","[73, 188, 90.0]","[99, 125, 88.0]","[100, 147, 106.0]","[99, 182, 95.0]","[96, 192, 97.0]","[163, 186, 104.0]","[155, 162, 116.0]","[223, 208, 89.0]","[208, 143, 125.0]"
1,25,1,"[1, 124, 96.0]","[0, 127, 17.0]","[0, 123, 96.0]","[0, 132, 17.0]","[2, 138, 96.0]","[22, 146, 85.0]","[27, 170, 95.0]","[69, 137, 85.0]","[58, 168, 95.0]","[109, 117, 90.0]","[104, 124, 89.0]","[102, 156, 100.0]","[97, 174, 102.0]","[159, 153, 107.0]","[159, 159, 106.0]","[213, 137, 125.0]","[212, 138, 125.0]"
1,26,1,"[9, 112, 100.0]","[1, 112, 102.0]","[0, 109, 17.0]","[1, 116, 99.0]","[3, 114, 100.0]","[20, 127, 88.0]","[25, 150, 96.0]","[71, 123, 85.0]","[62, 157, 107.0]","[111, 116, 94.0]","[3, 122, 96.0]","[99, 136, 97.0]","[95, 156, 103.0]","[152, 117, 107.0]","[152, 138, 114.0]","[200, 159, 118.0]","[210, 139, 125.0]"
1,27,1,"[167, 97, 116.0]","[0, 97, 100.0]","[0, 98, 97.0]","[0, 98, 116.0]","[2, 131, 97.0]","[16, 112, 90.0]","[27, 134, 100.0]","[69, 113, 88.0]","[62, 152, 148.0]","[112, 105, 100.0]","[115, 96, 104.0]","[99, 116, 94.0]","[93, 138, 107.0]","[148, 91, 110.0]","[152, 135, 121.0]","[206, 109, 124.0]","[210, 138, 123.0]"
1,28,1,"[8, 55, 161.0]","[0, 55, 105.0]","[0, 116, 130.0]","[0, 84, 105.0]","[200, 135, 130.0]","[19, 92, 94.0]","[21, 112, 101.0]","[74, 88, 91.0]","[69, 134, 137.0]","[114, 86, 105.0]","[95, 124, 109.0]","[110, 95, 100.0]","[107, 124, 109.0]","[162, 82, 116.0]","[159, 128, 123.0]","[204, 66, 76.0]","[208, 137, 126.0]"
1,29,1,"[0, 52, 115.0]","[0, 53, 107.0]","[0, 49, 17.0]","[0, 57, 115.0]","[7, 54, 115.0]","[21, 68, 95.0]","[21, 101, 110.0]","[70, 67, 98.0]","[65, 122, 179.0]","[116, 59, 107.0]","[115, 58, 107.0]","[95, 82, 104.0]","[92, 104, 110.0]","[159, 68, 121.0]","[155, 110, 125.0]","[204, 66, 78.0]","[199, 131, 130.0]"
1,30,1,"[0, 33, 110.0]","[0, 34, 17.0]","[0, 29, 110.0]","[0, 39, 110.0]","[7, 29, 188.0]","[21, 45, 99.0]","[23, 84, 112.0]","[67, 38, 97.0]","[59, 92, 120.0]","[107, 26, 110.0]","[84, 83, 112.0]","[89, 64, 103.0]","[89, 85, 115.0]","[152, 52, 121.0]","[139, 71, 120.0]","[211, 64, 71.0]","[180, 102, 138.0]"
1,31,1,"[0, -12, 191.0]","[2, 15, 109.0]","[0, -10, 189.0]","[0, 20, 109.0]","[75, 29, 103.0]","[17, 26, 102.0]","[23, 71, 109.0]","[67, 12, 102.0]","[65, 82, 125.0]","[99, 4, 102.0]","[96, 80, 129.0]","[93, 45, 111.0]","[91, 71, 114.0]","[153, 52, 121.0]","[152, 48, 118.0]","[203, 64, 77.0]","[199, 65, 91.0]"
1,32,1,"[0, 423, 181.0]","[0, 4, 117.0]","[4, -12, 194.0]","[0, 10, 117.0]","[23, 56, 121.0]","[19, 13, 117.0]","[23, 56, 121.0]","[65, 1, 117.0]","[68, 71, 130.0]","[64, 12, 16.0]","[95, 69, 130.0]","[92, 34, 109.0]","[91, 58, 117.0]","[148, 46, 120.0]","[139, 35, 121.0]","[197, 63, 98.0]","[207, 30, 69.0]"
2,6,1,"[4, 71, 108.0]","[1, 75, 105.0]","[0, 67, 105.0]","[0, 69, 108.0]","[1, 49, 105.0]","[28, 70, 125.0]","[23, 30, 101.0]","[62, 79, 132.0]","[67, 26, 99.0]","[95, 88, 138.0]","[98, 32, 104.0]","[98, 68, 127.0]","[99, 45, 109.0]","[158, 68, 119.0]","[159, 64, 118.0]","[212, 71, 72.0]","[207, 67, 73.0]"
2,7,1,"[1, 87, 101.0]","[0, 90, 101.0]","[0, 83, 100.0]","[0, 82, 101.0]","[1, 68, 100.0]","[25, 84, 121.0]","[19, 46, 97.0]","[60, 87, 127.0]","[61, 45, 95.0]","[101, 89, 129.0]","[91, 67, 107.0]","[96, 81, 120.0]","[99, 56, 100.0]","[152, 67, 111.0]","[156, 70, 114.0]","[184, 48, 124.0]","[203, 67, 80.0]"
2,8,1,"[1, 105, 103.0]","[0, 108, 109.0]","[0, 101, 103.0]","[12, 112, 103.0]","[1, 101, 103.0]","[22, 103, 155.0]","[19, 65, 95.0]","[62, 104, 153.0]","[74, 71, 91.0]","[96, 108, 153.0]","[99, 107, 137.0]","[100, 102, 109.0]","[102, 76, 101.0]","[153, 119, 153.0]","[159, 75, 115.0]","[193, 112, 158.0]","[207, 68, 74.0]"
2,9,1,"[6, 127, 146.0]","[2, 130, 144.0]","[1, 122, 19.0]","[5, 126, 144.0]","[2, 108, 97.0]","[24, 113, 107.0]","[21, 86, 91.0]","[62, 119, 154.0]","[73, 93, 92.0]","[56, 130, 154.0]","[102, 124, 98.0]","[100, 114, 90.0]","[103, 93, 102.0]","[157, 128, 125.0]","[159, 88, 111.0]","[208, 139, 128.0]","[199, 69, 104.0]"
2,10,1,"[7, 151, 97.0]","[2, 154, 16.0]","[1, 146, 98.0]","[2, 161, 187.0]","[1, 132, 97.0]","[27, 139, 108.0]","[23, 108, 92.0]","[70, 140, 163.0]","[76, 112, 90.0]","[106, 138, 131.0]","[113, 130, 95.0]","[104, 139, 149.0]","[106, 114, 94.0]","[160, 147, 133.0]","[161, 118, 154.0]","[210, 143, 123.0]","[198, 79, 124.0]"
2,11,1,"[7, 171, 102.0]","[2, 174, 102.0]","[1, 168, 102.0]","[4, 169, 102.0]","[1, 153, 102.0]","[26, 154, 102.0]","[21, 128, 90.0]","[69, 161, 165.0]","[70, 122, 88.0]","[104, 172, 180.0]","[111, 129, 95.0]","[100, 152, 116.0]","[100, 136, 96.0]","[160, 157, 123.0]","[158, 154, 121.0]","[208, 143, 128.0]","[204, 115, 139.0]"
2,12,1,"[6, 190, 95.0]","[1, 191, 179.0]","[2, 186, 16.0]","[1, 187, 16.0]","[2, 171, 95.0]","[24, 172, 102.0]","[20, 147, 90.0]","[70, 182, 157.0]","[70, 135, 90.0]","[98, 200, 157.0]","[113, 136, 97.0]","[101, 165, 108.0]","[103, 153, 102.0]","[151, 161, 104.0]","[159, 179, 121.0]","[207, 143, 121.0]","[207, 164, 143.0]"
2,13,1,"[9, 210, 95.0]","[3, 213, 185.0]","[1, 207, 95.0]","[4, 209, 95.0]","[1, 194, 95.0]","[28, 186, 99.0]","[24, 170, 88.0]","[73, 195, 123.0]","[72, 153, 89.0]","[95, 217, 142.0]","[118, 155, 97.0]","[108, 180, 106.0]","[108, 169, 100.0]","[157, 165, 114.0]","[169, 192, 104.0]","[208, 143, 127.0]","[220, 207, 118.0]"
2,14,1,"[8, 233, 184.0]","[4, 235, 183.0]","[3, 230, 16.0]","[0, 211, 90.0]","[1, 215, 92.0]","[30, 211, 101.0]","[26, 193, 88.0]","[73, 210, 122.0]","[79, 179, 88.0]","[103, 229, 124.0]","[122, 186, 96.0]","[107, 203, 122.0]","[108, 190, 97.0]","[155, 183, 106.0]","[174, 211, 109.0]","[203, 148, 128.0]","[230, 213, 60.0]"
2,15,1,"[9, 255, 90.0]","[3, 257, 89.0]","[1, 252, 90.0]","[8, 254, 90.0]","[1, 239, 90.0]","[27, 231, 89.0]","[24, 215, 86.0]","[79, 235, 157.0]","[76, 203, 83.0]","[127, 231, 135.0]","[128, 231, 142.0]","[108, 223, 104.0]","[110, 210, 88.0]","[163, 216, 100.0]","[171, 222, 102.0]","[192, 179, 125.0]","[228, 212, 62.0]"
2,16,1,"[2, 270, 130.0]","[0, 271, 88.0]","[11, 253, 88.0]","[9, 267, 88.0]","[6, 244, 85.0]","[22, 232, 81.0]","[22, 239, 83.0]","[47, 220, 81.0]","[77, 252, 83.0]","[3, 263, 88.0]","[115, 278, 180.0]","[103, 238, 83.0]","[105, 229, 85.0]","[162, 253, 133.0]","[164, 230, 96.0]","[223, 220, 107.0]","[226, 213, 65.0]"
2,17,1,"[0, 297, 86.0]","[2, 307, 92.0]","[0, 298, 86.0]","[9, 288, 92.0]","[1, 281, 86.0]","[20, 260, 81.0]","[23, 262, 81.0]","[71, 235, 84.0]","[80, 281, 75.0]","[95, 239, 88.0]","[109, 314, 75.0]","[114, 260, 104.0]","[114, 246, 88.0]","[165, 272, 118.0]","[170, 238, 100.0]","[219, 273, 128.0]","[228, 216, 69.0]"
3,21,1,"[8, 279, 90.0]","[0, 282, 16.0]","[0, 277, 90.0]","[0, 301, 88.0]","[6, 279, 90.0]","[29, 315, 84.0]","[28, 303, 90.0]","[86, 302, 84.0]","[85, 292, 102.0]","[112, 261, 84.0]","[113, 261, 102.0]","[117, 312, 95.0]","[111, 292, 89.0]","[178, 312, 105.0]","[169, 271, 117.0]","[231, 323, 107.0]","[218, 255, 126.0]"
3,22,1,"[12, 255, 171.0]","[3, 257, 16.0]","[5, 259, 88.0]","[1, 273, 88.0]","[0, 274, 88.0]","[28, 292, 85.0]","[29, 281, 90.0]","[84, 280, 83.0]","[81, 272, 103.0]","[116, 246, 87.0]","[110, 262, 83.0]","[118, 291, 97.0]","[116, 274, 103.0]","[178, 292, 107.0]","[170, 258, 114.0]","[227, 321, 110.0]","[227, 247, 116.0]"
3,23,1,"[9, 235, 89.0]","[2, 237, 90.0]","[0, 232, 89.0]","[1, 254, 90.0]","[8, 235, 89.0]","[25, 270, 88.0]","[25, 265, 90.0]","[81, 265, 82.0]","[77, 251, 91.0]","[122, 244, 87.0]","[118, 242, 89.0]","[115, 267, 93.0]","[110, 258, 83.0]","[168, 245, 111.0]","[164, 242, 116.0]","[215, 299, 109.0]","[226, 246, 118.0]"
3,24,1,"[6, 218, 170.0]","[0, 220, 96.0]","[0, 217, 97.0]","[0, 233, 96.0]","[5, 218, 170.0]","[23, 252, 85.0]","[21, 243, 91.0]","[73, 254, 83.0]","[69, 237, 93.0]","[121, 240, 89.0]","[106, 222, 170.0]","[108, 248, 83.0]","[104, 237, 101.0]","[163, 214, 129.0]","[152, 237, 97.0]","[214, 249, 114.0]","[218, 248, 116.0]"
3,25,1,"[6, 199, 179.0]","[1, 201, 171.0]","[0, 195, 116.0]","[0, 213, 95.0]","[215, 247, 116.0]","[22, 229, 89.0]","[20, 238, 85.0]","[75, 235, 85.0]","[73, 228, 90.0]","[121, 226, 90.0]","[99, 193, 90.0]","[107, 226, 96.0]","[106, 243, 83.0]","[166, 195, 109.0]","[163, 235, 113.0]","[222, 194, 121.0]","[223, 245, 116.0]"
3,26,1,"[9, 178, 180.0]","[0, 179, 17.0]","[0, 176, 90.0]","[1, 193, 96.0]","[6, 224, 90.0]","[24, 207, 88.0]","[26, 213, 85.0]","[77, 205, 93.0]","[70, 205, 92.0]","[122, 200, 97.0]","[98, 181, 129.0]","[107, 209, 92.0]","[105, 225, 85.0]","[170, 183, 110.0]","[163, 221, 115.0]","[221, 171, 118.0]","[220, 243, 116.0]"
3,27,1,"[0, 161, 111.0]","[0, 161, 111.0]","[0, 156, 88.0]","[0, 176, 93.0]","[4, 196, 88.0]","[21, 182, 89.0]","[27, 198, 84.0]","[73, 175, 96.0]","[66, 125, 183.0]","[126, 168, 142.0]","[126, 168, 142.0]","[96, 179, 93.0]","[99, 199, 85.0]","[167, 166, 116.0]","[153, 190, 102.0]","[221, 168, 118.0]","[207, 227, 128.0]"
3,28,1,"[2, 138, 96.0]","[0, 141, 16.0]","[0, 135, 96.0]","[0, 151, 16.0]","[1, 136, 96.0]","[24, 157, 87.0]","[24, 184, 86.0]","[69, 148, 98.0]","[58, 173, 85.0]","[115, 126, 170.0]","[115, 126, 170.0]","[97, 169, 90.0]","[95, 187, 96.0]","[161, 159, 107.0]","[151, 165, 102.0]","[221, 168, 118.0]","[196, 189, 130.0]"
3,29,1,"[0, 124, 100.0]","[0, 124, 100.0]","[0, 119, 100.0]","[1, 126, 100.0]","[0, 126, 100.0]","[21, 140, 86.0]","[24, 170, 90.0]","[69, 125, 86.0]","[69, 180, 103.0]","[96, 96, 183.0]","[101, 177, 101.0]","[97, 153, 100.0]","[95, 169, 101.0]","[155, 152, 108.0]","[149, 138, 147.0]","[219, 168, 116.0]","[203, 148, 144.0]"
3,30,1,"[0, 104, 99.0]","[0, 103, 99.0]","[0, 114, 99.0]","[0, 116, 99.0]","[3, 145, 99.0]","[25, 119, 88.0]","[27, 148, 99.0]","[67, 100, 88.0]","[70, 161, 114.0]","[92, 76, 99.0]","[103, 157, 109.0]","[93, 134, 100.0]","[97, 149, 104.0]","[156, 141, 109.0]","[146, 127, 116.0]","[217, 165, 121.0]","[200, 111, 142.0]"
3,31,1,"[0, 86, 104.0]","[5, 71, 104.0]","[0, 75, 104.0]","[0, 89, 104.0]","[5, 145, 104.0]","[21, 103, 95.0]","[23, 131, 110.0]","[66, 89, 90.0]","[58, 121, 100.0]","[102, 71, 104.0]","[100, 70, 98.0]","[95, 115, 102.0]","[95, 134, 109.0]","[156, 112, 118.0]","[153, 113, 114.0]","[200, 146, 123.0]","[200, 108, 142.0]"
3,32,1,"[0, 75, 107.0]","[197, 116, 131.0]","[196, 116, 131.0]","[0, 78, 107.0]","[4, 114, 107.0]","[19, 88, 97.0]","[24, 116, 109.0]","[66, 82, 97.0]","[58, 120, 109.0]","[104, 71, 102.0]","[94, 71, 100.0]","[92, 97, 104.0]","[88, 119, 108.0]","[145, 78, 120.0]","[144, 109, 124.0]","[192, 114, 130.0]","[199, 109, 136.0]"
3,33,1,"[0, 108, 120.0]","[2, 112, 180.0]","[0, 106, 120.0]","[5, 71, 111.0]","[2, 104, 120.0]","[17, 75, 101.0]","[18, 85, 102.0]","[65, 73, 100.0]","[64, 74, 100.0]","[105, 68, 107.0]","[103, 67, 108.0]","[95, 80, 102.0]","[94, 100, 110.0]","[146, 63, 122.0]","[152, 105, 127.0]","[198, 74, 115.0]","[199, 108, 132.0]"
3,34,1,"[0, 41, 112.0]","[0, 32, 107.0]","[0, 30, 19.0]","[0, 49, 112.0]","[8, 89, 112.0]","[20, 55, 107.0]","[24, 86, 108.0]","[67, 61, 102.0]","[61, 86, 111.0]","[110, 57, 110.0]","[87, 55, 103.0]","[96, 68, 104.0]","[93, 92, 118.0]","[159, 50, 123.0]","[153, 99, 130.0]","[198, 43, 81.0]","[198, 107, 142.0]"
3,35,1,"[1, 22, 114.0]","[0, 23, 18.0]","[0, 22, 114.0]","[0, 27, 18.0]","[5, 60, 114.0]","[24, 36, 105.0]","[24, 69, 120.0]","[69, 37, 104.0]","[56, 82, 125.0]","[110, 33, 134.0]","[111, 33, 133.0]","[95, 48, 106.0]","[91, 73, 118.0]","[151, 44, 119.0]","[144, 79, 131.0]","[196, 43, 85.0]","[190, 101, 143.0]"
3,36,1,"[0, -9, 190.0]","[16, 3, 122.0]","[0, -12, 191.0]","[0, 11, 122.0]","[4, 41, 118.0]","[21, 15, 122.0]","[24, 56, 123.0]","[66, 11, 122.0]","[65, 67, 132.0]","[92, 21, 122.0]","[82, 62, 122.0]","[89, 36, 116.0]","[88, 55, 118.0]","[137, 35, 124.0]","[134, 49, 128.0]","[190, 38, 99.0]","[175, 75, 158.0]"
3,37,1,"[1, -10, 193.0]","[0, -9, 193.0]","[0, -10, 193.0]","[2, 34, 117.0]","[5, 38, 122.0]","[17, 3, 128.0]","[21, 43, 131.0]","[48, -9, 190.0]","[61, 59, 138.0]","[76, -5, 189.0]","[89, 59, 142.0]","[85, 23, 117.0]","[87, 44, 124.0]","[139, 27, 123.0]","[136, 28, 128.0]","[190, 28, 89.0]","[181, 44, 121.0]"
3,38,1,"[2, -12, 191.0]","[2, -11, 190.0]","[3, -12, 191.0]","[1, -9, 189.0]","[0, 23, 141.0]","[24, -7, 191.0]","[24, 28, 128.0]","[57, -10, 193.0]","[62, 46, 141.0]","[92, 49, 140.0]","[92, 50, 141.0]","[87, 8, 141.0]","[87, 31, 123.0]","[146, 22, 108.0]","[151, 20, 100.0]","[184, -9, 184.0]","[206, 23, 100.0]"
4,5,1,"[1, 6, 168.0]","[0, 10, 168.0]","[0, -10, 193.0]","[1, 12, 168.0]","[2, -10, 194.0]","[26, 10, 18.0]","[24, -11, 192.0]","[58, 27, 173.0]","[59, 27, 172.0]","[84, 42, 173.0]","[86, 43, 174.0]","[83, 7, 168.0]","[95, -9, 191.0]","[136, 4, 168.0]","[133, 4, 191.0]","[201, -8, 168.0]","[201, -12, 165.0]"
4,6,1,"[2, 46, 118.0]","[0, 49, 115.0]","[0, 41, 115.0]","[0, 41, 118.0]","[12, 6, 118.0]","[25, 50, 127.0]","[21, 8, 118.0]","[58, 58, 137.0]","[65, 7, 118.0]","[91, 63, 145.0]","[102, 23, 117.0]","[91, 52, 136.0]","[94, 28, 115.0]","[144, 63, 141.0]","[154, 35, 108.0]","[180, 56, 165.0]","[196, 26, 90.0]"
4,7,1,"[4, 123, 102.0]","[0, 126, 102.0]","[0, 119, 99.0]","[0, 119, 102.0]","[1, 101, 99.0]","[30, 120, 116.0]","[20, 80, 97.0]","[70, 130, 134.0]","[67, 71, 97.0]","[100, 142, 177.0]","[108, 77, 100.0]","[99, 115, 115.0]","[99, 93, 102.0]","[155, 119, 122.0]","[154, 106, 114.0]","[204, 108, 128.0]","[189, 68, 127.0]"
4,8,1,"[1, 138, 108.0]","[0, 141, 104.0]","[0, 135, 101.0]","[12, 138, 104.0]","[1, 134, 101.0]","[28, 134, 110.0]","[20, 95, 95.0]","[67, 146, 128.0]","[66, 80, 95.0]","[97, 164, 135.0]","[107, 82, 100.0]","[100, 127, 114.0]","[101, 107, 102.0]","[152, 120, 104.0]","[155, 128, 109.0]","[200, 109, 124.0]","[208, 113, 123.0]"
4,9,1,"[4, 155, 99.0]","[0, 158, 102.0]","[0, 150, 95.0]","[0, 151, 99.0]","[2, 132, 95.0]","[30, 149, 109.0]","[22, 113, 90.0]","[70, 160, 126.0]","[69, 96, 92.0]","[93, 180, 133.0]","[111, 98, 97.0]","[103, 142, 128.0]","[103, 123, 102.0]","[159, 122, 115.0]","[167, 143, 107.0]","[203, 108, 131.0]","[219, 158, 118.0]"
4,10,1,"[7, 173, 95.0]","[2, 177, 16.0]","[1, 169, 94.0]","[6, 177, 89.0]","[1, 151, 95.0]","[31, 162, 104.0]","[24, 129, 88.0]","[71, 173, 125.0]","[76, 120, 90.0]","[102, 188, 124.0]","[119, 126, 97.0]","[106, 157, 110.0]","[105, 142, 100.0]","[158, 141, 110.0]","[170, 159, 107.0]","[201, 110, 131.0]","[222, 166, 114.0]"
4,11,1,"[5, 193, 88.0]","[1, 197, 18.0]","[0, 189, 89.0]","[5, 192, 89.0]","[4, 192, 87.0]","[28, 177, 90.0]","[21, 150, 83.0]","[70, 181, 108.0]","[73, 146, 85.0]","[104, 187, 120.0]","[103, 157, 90.0]","[106, 176, 107.0]","[105, 157, 90.0]","[162, 181, 127.0]","[167, 168, 102.0]","[193, 135, 131.0]","[222, 167, 114.0]"
4,12,1,"[4, 211, 84.0]","[0, 212, 87.0]","[0, 207, 88.0]","[0, 206, 87.0]","[2, 208, 85.0]","[20, 186, 89.0]","[20, 172, 81.0]","[74, 197, 98.0]","[76, 177, 83.0]","[114, 213, 98.0]","[116, 208, 89.0]","[104, 194, 105.0]","[109, 173, 89.0]","[160, 207, 120.0]","[170, 175, 102.0]","[192, 180, 125.0]","[222, 168, 114.0]"
4,13,1,"[5, 233, 87.0]","[1, 236, 87.0]","[2, 227, 85.0]","[0, 230, 87.0]","[1, 217, 85.0]","[24, 212, 85.0]","[20, 191, 81.0]","[76, 214, 92.0]","[76, 206, 78.0]","[91, 217, 74.0]","[107, 242, 94.0]","[107, 207, 92.0]","[106, 187, 90.0]","[163, 223, 108.0]","[168, 185, 102.0]","[218, 224, 125.0]","[222, 168, 113.0]"
4,14,1,"[9, 255, 81.0]","[5, 258, 77.0]","[2, 252, 81.0]","[4, 254, 81.0]","[1, 237, 83.0]","[26, 224, 85.0]","[24, 216, 82.0]","[79, 232, 75.0]","[81, 229, 76.0]","[87, 233, 73.0]","[108, 262, 82.0]","[115, 223, 97.0]","[114, 209, 88.0]","[170, 237, 111.0]","[174, 198, 102.0]","[224, 244, 117.0]","[219, 170, 114.0]"
4,15,1,"[10, 278, 74.0]","[5, 281, 87.0]","[2, 275, 88.0]","[13, 292, 185.0]","[1, 264, 86.0]","[23, 247, 85.0]","[24, 243, 82.0]","[81, 253, 91.0]","[80, 243, 78.0]","[110, 265, 78.0]","[119, 266, 87.0]","[104, 246, 81.0]","[109, 233, 88.0]","[130, 308, 155.0]","[170, 254, 109.0]","[224, 247, 116.0]","[211, 187, 109.0]"
4,16,1,"[10, 296, 16.0]","[5, 300, 85.0]","[2, 294, 87.0]","[8, 297, 16.0]","[1, 284, 88.0]","[26, 269, 84.0]","[25, 261, 83.0]","[80, 273, 90.0]","[79, 254, 77.0]","[112, 281, 90.0]","[126, 261, 85.0]","[108, 264, 83.0]","[114, 253, 85.0]","[129, 311, 83.0]","[169, 279, 120.0]","[167, 300, 137.0]","[218, 237, 121.0]"
4,17,1,"[1, 317, 19.0]","[0, 322, 16.0]","[14, 294, 88.0]","[0, 327, 183.0]","[2, 301, 89.0]","[20, 288, 85.0]","[21, 281, 83.0]","[88, 295, 95.0]","[76, 266, 81.0]","[104, 313, 151.0]","[127, 267, 85.0]","[111, 260, 84.0]","[115, 276, 86.0]","[167, 262, 107.0]","[177, 300, 97.0]","[224, 247, 116.0]","[233, 297, 121.0]"
5,5,2,"[6, 8, 184.0]","[2, 8, 179.0]","[2, 7, 184.0]","[1, 11, 184.0]","[2, -2, 184.0]","[29, 6, 184.0]","[28, 6, 184.0]","[63, 21, 179.0]","[61, 19, 180.0]","[92, 31, 175.0]","[93, 31, 177.0]","[103, -7, 193.0]","[110, -7, 190.0]","[77, 14, 184.0]","[161, -9, 191.0]","[180, -10, 186.0]","[94, 33, 180.0]"
5,6,2,"[1, 39, 116.0]","[0, 44, 16.0]","[1, 40, 116.0]","[12, 41, 122.0]","[22, 3, 116.0]","[25, 41, 126.0]","[22, 3, 116.0]","[62, 52, 137.0]","[69, 1, 116.0]","[92, 61, 149.0]","[102, 25, 118.0]","[91, 45, 138.0]","[93, 16, 129.0]","[140, 60, 142.0]","[147, 22, 100.0]","[183, 33, 104.0]","[204, 22, 100.0]"
5,7,2,"[5, 53, 114.0]","[0, 56, 114.0]","[1, 48, 112.0]","[4, 53, 114.0]","[1, 33, 112.0]","[27, 53, 124.0]","[23, 10, 114.0]","[61, 55, 128.0]","[70, 13, 114.0]","[84, 56, 130.0]","[100, 43, 112.0]","[90, 52, 131.0]","[96, 24, 111.0]","[144, 72, 135.0]","[149, 30, 104.0]","[188, 65, 149.0]","[204, 29, 73.0]"
5,8,2,"[0, 78, 104.0]","[30, 72, 127.0]","[0, 55, 104.0]","[9, 71, 107.0]","[1, 53, 104.0]","[29, 71, 126.0]","[27, 30, 100.0]","[68, 67, 123.0]","[77, 27, 103.0]","[92, 70, 130.0]","[107, 53, 107.0]","[99, 67, 126.0]","[101, 37, 109.0]","[152, 81, 131.0]","[159, 33, 102.0]","[200, 89, 135.0]","[204, 23, 102.0]"
5,9,2,"[13, 97, 107.0]","[5, 101, 105.0]","[5, 94, 104.0]","[0, 108, 17.0]","[1, 78, 105.0]","[32, 91, 121.0]","[26, 50, 100.0]","[59, 88, 124.0]","[69, 43, 100.0]","[88, 86, 120.0]","[107, 52, 104.0]","[98, 86, 125.0]","[100, 59, 107.0]","[152, 95, 129.0]","[158, 54, 123.0]","[200, 90, 132.0]","[198, 45, 83.0]"
5,10,2,"[8, 113, 109.0]","[4, 116, 108.0]","[1, 109, 107.0]","[6, 120, 16.0]","[1, 93, 101.0]","[31, 107, 117.0]","[20, 66, 99.0]","[67, 117, 147.0]","[65, 53, 97.0]","[103, 127, 177.0]","[105, 56, 104.0]","[97, 99, 121.0]","[96, 75, 107.0]","[152, 100, 125.0]","[152, 82, 113.0]","[199, 91, 132.0]","[201, 68, 83.0]"
5,11,2,"[4, 127, 105.0]","[1, 129, 106.0]","[1, 122, 102.0]","[5, 127, 106.0]","[0, 102, 105.0]","[32, 122, 114.0]","[19, 79, 97.0]","[65, 138, 131.0]","[62, 63, 97.0]","[91, 161, 143.0]","[101, 68, 100.0]","[97, 109, 114.0]","[96, 87, 104.0]","[152, 105, 108.0]","[155, 106, 109.0]","[199, 91, 125.0]","[203, 94, 125.0]"
5,12,2,"[5, 141, 100.0]","[0, 143, 104.0]","[1, 136, 102.0]","[4, 139, 104.0]","[4, 139, 104.0]","[30, 134, 113.0]","[20, 94, 92.0]","[63, 152, 121.0]","[66, 80, 90.0]","[80, 177, 126.0]","[112, 90, 96.0]","[100, 123, 112.0]","[99, 103, 100.0]","[156, 108, 109.0]","[160, 121, 108.0]","[198, 92, 132.0]","[216, 130, 118.0]"
5,13,2,"[2, 153, 99.0]","[0, 156, 99.0]","[0, 151, 90.0]","[0, 147, 99.0]","[4, 132, 90.0]","[28, 144, 102.0]","[21, 108, 84.0]","[65, 158, 119.0]","[69, 103, 85.0]","[83, 182, 118.0]","[110, 116, 90.0]","[102, 143, 119.0]","[103, 120, 93.0]","[159, 146, 129.0]","[164, 130, 104.0]","[190, 108, 127.0]","[218, 132, 115.0]"
5,14,2,"[1, 169, 89.0]","[0, 171, 90.0]","[0, 165, 88.0]","[0, 164, 88.0]","[1, 166, 88.0]","[24, 156, 95.0]","[22, 129, 83.0]","[66, 163, 106.0]","[84, 139, 85.0]","[99, 177, 121.0]","[118, 164, 111.0]","[104, 158, 101.0]","[108, 135, 88.0]","[157, 177, 125.0]","[168, 139, 104.0]","[200, 141, 129.0]","[218, 132, 116.0]"
5,15,2,"[5, 195, 76.0]","[0, 197, 16.0]","[0, 201, 17.0]","[0, 191, 85.0]","[12, 150, 83.0]","[22, 172, 89.0]","[23, 151, 80.0]","[76, 177, 95.0]","[81, 164, 82.0]","[107, 191, 172.0]","[116, 193, 168.0]","[107, 176, 89.0]","[111, 152, 92.0]","[162, 194, 111.0]","[169, 146, 104.0]","[219, 192, 103.0]","[218, 133, 117.0]"
5,16,2,"[14, 224, 87.0]","[6, 227, 89.0]","[4, 222, 86.0]","[1, 203, 83.0]","[1, 203, 83.0]","[34, 198, 88.0]","[29, 179, 78.0]","[92, 199, 92.0]","[84, 179, 76.0]","[116, 223, 181.0]","[119, 211, 81.0]","[118, 193, 93.0]","[117, 172, 90.0]","[174, 207, 111.0]","[171, 159, 102.0]","[225, 211, 117.0]","[216, 135, 116.0]"
5,17,2,"[16, 252, 80.0]","[9, 254, 77.0]","[7, 249, 82.0]","[1, 235, 85.0]","[1, 235, 85.0]","[30, 218, 81.0]","[27, 209, 77.0]","[91, 221, 92.0]","[84, 198, 76.0]","[108, 226, 182.0]","[126, 213, 81.0]","[114, 214, 84.0]","[115, 193, 85.0]","[171, 223, 108.0]","[177, 194, 105.0]","[225, 213, 115.0]","[209, 150, 108.0]"
5,18,2,"[12, 269, 83.0]","[6, 273, 86.0]","[3, 270, 85.0]","[4, 272, 89.0]","[1, 254, 84.0]","[26, 239, 83.0]","[22, 228, 79.0]","[80, 245, 90.0]","[77, 214, 74.0]","[113, 259, 180.0]","[123, 213, 81.0]","[111, 231, 89.0]","[111, 220, 78.0]","[177, 239, 108.0]","[174, 231, 95.0]","[215, 213, 115.0]","[221, 203, 121.0]"
5,19,2,"[9, 289, 16.0]","[2, 292, 19.0]","[2, 288, 83.0]","[2, 300, 184.0]","[1, 273, 83.0]","[27, 266, 81.0]","[21, 248, 76.0]","[73, 270, 100.0]","[75, 231, 74.0]","[100, 300, 157.0]","[126, 230, 81.0]","[110, 250, 89.0]","[110, 238, 82.0]","[166, 232, 101.0]","[174, 262, 90.0]","[224, 214, 114.0]","[222, 258, 115.0]"
5,20,2,"[0, 314, 83.0]","[8, 310, 83.0]","[0, 295, 83.0]","[5, 330, 83.0]","[2, 293, 83.0]","[27, 287, 81.0]","[23, 273, 74.0]","[76, 291, 101.0]","[84, 251, 74.0]","[92, 326, 132.0]","[133, 266, 83.0]","[116, 277, 88.0]","[116, 253, 76.0]","[131, 309, 88.0]","[165, 251, 94.0]","[220, 217, 114.0]","[221, 217, 114.0]"
6,5,2,"[5, 62, 118.0]","[2, 65, 121.0]","[1, 57, 116.0]","[6, 65, 121.0]","[0, 45, 118.0]","[28, 62, 132.0]","[20, 17, 118.0]","[59, 81, 142.0]","[60, 6, 118.0]","[73, 103, 146.0]","[97, 7, 118.0]","[92, 52, 136.0]","[92, 28, 122.0]","[146, 49, 131.0]","[149, 45, 123.0]","[191, 48, 116.0]","[192, 48, 112.0]"
6,6,2,"[4, 95, 102.0]","[0, 98, 101.0]","[1, 90, 100.0]","[2, 100, 101.0]","[0, 77, 102.0]","[26, 94, 109.0]","[23, 53, 98.0]","[64, 93, 112.0]","[76, 56, 94.0]","[97, 96, 108.0]","[100, 90, 97.0]","[99, 91, 101.0]","[103, 64, 107.0]","[154, 111, 125.0]","[156, 63, 118.0]","[199, 116, 136.0]","[204, 56, 76.0]"
6,7,2,"[0, 120, 99.0]","[0, 123, 101.0]","[0, 112, 99.0]","[16, 112, 101.0]","[1, 93, 99.0]","[33, 113, 111.0]","[26, 75, 95.0]","[69, 109, 109.0]","[81, 71, 90.0]","[99, 108, 110.0]","[107, 99, 97.0]","[102, 107, 108.0]","[106, 78, 101.0]","[159, 120, 125.0]","[160, 71, 116.0]","[207, 125, 124.0]","[200, 57, 83.0]"
6,8,2,"[12, 139, 96.0]","[7, 143, 96.0]","[4, 135, 97.0]","[8, 149, 98.0]","[1, 119, 99.0]","[35, 133, 109.0]","[24, 94, 91.0]","[72, 134, 122.0]","[70, 86, 90.0]","[108, 138, 168.0]","[114, 94, 95.0]","[101, 123, 113.0]","[103, 99, 95.0]","[157, 132, 123.0]","[161, 96, 107.0]","[207, 126, 127.0]","[193, 66, 116.0]"
6,9,2,"[9, 154, 99.0]","[4, 158, 101.0]","[1, 150, 97.0]","[5, 154, 100.0]","[0, 150, 99.0]","[32, 146, 106.0]","[20, 109, 90.0]","[73, 160, 126.0]","[66, 94, 90.0]","[103, 177, 157.0]","[110, 92, 95.0]","[102, 134, 112.0]","[101, 111, 100.0]","[158, 136, 117.0]","[158, 122, 104.0]","[207, 126, 125.0]","[207, 91, 123.0]"
6,10,2,"[7, 168, 94.0]","[3, 172, 96.0]","[0, 164, 95.0]","[6, 170, 95.0]","[0, 145, 94.0]","[33, 161, 107.0]","[20, 122, 88.0]","[69, 180, 118.0]","[64, 104, 88.0]","[90, 207, 121.0]","[110, 105, 92.0]","[101, 146, 110.0]","[102, 124, 97.0]","[161, 143, 104.0]","[161, 141, 102.0]","[206, 127, 119.0]","[209, 133, 118.0]"
6,11,2,"[6, 180, 89.0]","[2, 184, 94.0]","[1, 177, 90.0]","[6, 183, 91.0]","[0, 157, 89.0]","[33, 173, 103.0]","[20, 135, 85.0]","[67, 191, 116.0]","[69, 121, 84.0]","[83, 218, 111.0]","[115, 130, 90.0]","[105, 158, 105.0]","[104, 138, 92.0]","[162, 142, 102.0]","[170, 154, 102.0]","[206, 127, 124.0]","[221, 160, 108.0]"
6,12,2,"[3, 191, 85.0]","[0, 193, 17.0]","[0, 188, 83.0]","[0, 185, 83.0]","[0, 168, 83.0]","[28, 180, 92.0]","[22, 149, 81.0]","[70, 193, 111.0]","[76, 142, 81.0]","[93, 217, 111.0]","[119, 164, 91.0]","[108, 176, 101.0]","[107, 152, 85.0]","[164, 180, 118.0]","[171, 163, 100.0]","[198, 139, 122.0]","[226, 163, 109.0]"
6,13,2,"[1, 202, 84.0]","[0, 205, 83.0]","[1, 200, 82.0]","[0, 206, 84.0]","[22, 164, 74.0]","[25, 195, 90.0]","[22, 164, 74.0]","[71, 197, 95.0]","[75, 172, 76.0]","[109, 204, 116.0]","[119, 202, 102.0]","[108, 196, 95.0]","[111, 172, 88.0]","[162, 207, 109.0]","[170, 171, 100.0]","[199, 177, 124.0]","[227, 164, 107.0]"
6,14,2,"[2, 223, 76.0]","[0, 229, 78.0]","[0, 218, 76.0]","[0, 232, 16.0]","[3, 224, 76.0]","[24, 206, 82.0]","[23, 187, 74.0]","[66, 203, 78.0]","[77, 197, 74.0]","[106, 225, 76.0]","[113, 236, 79.0]","[110, 209, 85.0]","[111, 187, 88.0]","[163, 226, 107.0]","[174, 179, 100.0]","[219, 217, 121.0]","[227, 165, 108.0]"
6,15,2,"[11, 247, 81.0]","[6, 252, 81.0]","[2, 243, 78.0]","[8, 258, 76.0]","[1, 230, 76.0]","[30, 229, 83.0]","[28, 212, 76.0]","[87, 232, 81.0]","[81, 213, 74.0]","[110, 240, 76.0]","[115, 251, 78.0]","[123, 226, 97.0]","[120, 202, 85.0]","[174, 239, 106.0]","[177, 190, 96.0]","[226, 244, 116.0]","[225, 165, 109.0]"
6,16,2,"[15, 271, 83.0]","[10, 277, 83.0]","[6, 268, 81.0]","[1, 289, 83.0]","[1, 256, 81.0]","[31, 251, 83.0]","[28, 236, 79.0]","[107, 237, 76.0]","[87, 230, 76.0]","[128, 248, 81.0]","[128, 249, 83.0]","[109, 248, 78.0]","[115, 225, 85.0]","[172, 256, 105.0]","[182, 220, 99.0]","[226, 247, 116.0]","[214, 181, 104.0]"
6,17,2,"[11, 290, 83.0]","[7, 296, 83.0]","[3, 287, 83.0]","[6, 301, 80.0]","[1, 274, 83.0]","[27, 271, 85.0]","[24, 255, 78.0]","[73, 274, 95.0]","[73, 244, 76.0]","[115, 290, 159.0]","[124, 239, 83.0]","[111, 260, 90.0]","[111, 248, 81.0]","[129, 310, 146.0]","[171, 260, 94.0]","[224, 247, 116.0]","[215, 207, 105.0]"
6,18,2,"[8, 306, 84.0]","[5, 311, 83.0]","[0, 303, 84.0]","[0, 315, 84.0]","[2, 290, 83.0]","[29, 288, 83.0]","[22, 270, 81.0]","[75, 300, 108.0]","[74, 255, 77.0]","[96, 330, 146.0]","[124, 251, 82.0]","[110, 271, 85.0]","[110, 263, 84.0]","[161, 266, 95.0]","[169, 286, 89.0]","[216, 250, 107.0]","[222, 247, 107.0]"
7,19,2,"[15, 258, 90.0]","[6, 260, 89.0]","[8, 262, 88.0]","[4, 278, 85.0]","[4, 278, 85.0]","[35, 299, 83.0]","[33, 285, 89.0]","[95, 308, 87.0]","[98, 274, 107.0]","[137, 308, 90.0]","[117, 273, 122.0]","[121, 294, 93.0]","[118, 288, 97.0]","[180, 265, 105.0]","[166, 291, 99.0]","[234, 267, 105.0]","[211, 329, 122.0]"
7,20,2,"[8, 241, 85.0]","[0, 244, 89.0]","[0, 240, 88.0]","[1, 261, 83.0]","[6, 248, 88.0]","[29, 277, 78.0]","[29, 292, 76.0]","[86, 270, 82.0]","[80, 273, 81.0]","[123, 242, 82.0]","[111, 244, 81.0]","[115, 277, 81.0]","[113, 285, 82.0]","[166, 263, 92.0]","[163, 266, 92.0]","[233, 267, 104.0]","[207, 293, 132.0]"
7,21,2,"[3, 226, 80.0]","[0, 227, 80.0]","[0, 221, 80.0]","[0, 255, 80.0]","[1, 225, 80.0]","[25, 263, 75.0]","[24, 259, 76.0]","[75, 227, 75.0]","[72, 238, 72.0]","[103, 183, 75.0]","[104, 182, 72.0]","[114, 266, 90.0]","[110, 252, 90.0]","[172, 255, 100.0]","[165, 235, 122.0]","[235, 266, 102.0]","[221, 248, 120.0]"
7,22,2,"[4, 208, 85.0]","[0, 210, 17.0]","[0, 203, 85.0]","[1, 223, 85.0]","[4, 208, 85.0]","[25, 240, 76.0]","[23, 248, 76.0]","[73, 200, 74.0]","[69, 254, 85.0]","[84, 155, 143.0]","[78, 156, 185.0]","[111, 249, 88.0]","[108, 242, 90.0]","[171, 246, 96.0]","[165, 223, 107.0]","[235, 265, 104.0]","[220, 211, 121.0]"
7,23,2,"[4, 194, 95.0]","[0, 195, 88.0]","[0, 187, 21.0]","[0, 212, 88.0]","[220, 207, 118.0]","[24, 222, 81.0]","[23, 228, 81.0]","[72, 193, 76.0]","[71, 235, 85.0]","[88, 152, 84.0]","[89, 151, 91.0]","[108, 225, 88.0]","[104, 233, 88.0]","[167, 211, 107.0]","[155, 209, 109.0]","[224, 253, 108.0]","[220, 209, 118.0]"
7,24,2,"[2, 180, 99.0]","[0, 182, 92.0]","[0, 172, 91.0]","[0, 194, 91.0]","[2, 192, 91.0]","[20, 203, 83.0]","[26, 219, 83.0]","[66, 190, 76.0]","[65, 214, 85.0]","[108, 165, 145.0]","[103, 183, 97.0]","[107, 203, 91.0]","[103, 218, 88.0]","[164, 174, 121.0]","[149, 198, 97.0]","[215, 212, 117.0]","[219, 209, 118.0]"
7,25,2,"[0, 161, 16.0]","[2, 154, 186.0]","[0, 154, 90.0]","[0, 165, 17.0]","[104, 195, 90.0]","[18, 181, 85.0]","[21, 200, 87.0]","[72, 180, 83.0]","[73, 183, 83.0]","[122, 178, 90.0]","[91, 168, 85.0]","[104, 181, 85.0]","[101, 202, 92.0]","[159, 152, 109.0]","[162, 199, 111.0]","[212, 162, 132.0]","[219, 208, 116.0]"
7,26,2,"[159, 138, 105.0]","[36, 127, 95.0]","[46, 124, 181.0]","[5, 146, 95.0]","[103, 146, 122.0]","[16, 160, 86.0]","[18, 158, 87.0]","[76, 161, 91.0]","[79, 128, 108.0]","[122, 173, 90.0]","[102, 145, 124.0]","[115, 157, 99.0]","[107, 184, 88.0]","[170, 137, 108.0]","[166, 191, 115.0]","[219, 127, 117.0]","[217, 207, 118.0]"
7,27,2,"[148, 254, 166.0]","[155, 255, 157.0]","[146, 253, 168.0]","[155, 257, 154.0]","[136, 253, 166.0]","[24, 131, 85.0]","[21, 126, 88.0]","[77, 136, 90.0]","[72, 75, 114.0]","[125, 128, 104.0]","[129, 139, 100.0]","[107, 142, 91.0]","[103, 162, 88.0]","[167, 123, 107.0]","[152, 160, 114.0]","[219, 127, 118.0]","[205, 194, 129.0]"
7,28,2,"[0, 92, 98.0]","[0, 82, 98.0]","[0, 95, 98.0]","[0, 95, 98.0]","[0, 95, 98.0]","[22, 108, 84.0]","[25, 142, 98.0]","[75, 98, 90.0]","[66, 155, 106.0]","[115, 82, 181.0]","[102, 152, 102.0]","[99, 129, 92.0]","[97, 148, 102.0]","[159, 116, 107.0]","[148, 131, 109.0]","[218, 126, 118.0]","[198, 157, 142.0]"
7,29,2,"[236, 423, 125.0]","[8, 68, 109.0]","[95, 363, 115.0]","[9, 82, 18.0]","[188, 119, 115.0]","[19, 93, 88.0]","[22, 130, 99.0]","[66, 67, 91.0]","[61, 144, 111.0]","[92, 39, 183.0]","[100, 145, 109.0]","[95, 113, 100.0]","[94, 135, 102.0]","[155, 114, 107.0]","[149, 117, 107.0]","[218, 126, 118.0]","[200, 120, 116.0]"
7,30,2,"[0, 116, 101.0]","[21, 77, 94.0]","[0, 69, 101.0]","[0, 69, 101.0]","[22, 114, 101.0]","[21, 77, 94.0]","[22, 114, 101.0]","[59, 50, 97.0]","[62, 130, 114.0]","[69, 27, 153.0]","[93, 135, 119.0]","[99, 102, 99.0]","[98, 123, 104.0]","[160, 108, 114.0]","[148, 100, 113.0]","[216, 125, 118.0]","[197, 93, 137.0]"
7,31,2,"[0, 49, 111.0]","[20, 67, 99.0]","[0, 61, 111.0]","[0, 63, 111.0]","[2, 63, 111.0]","[20, 67, 99.0]","[25, 105, 107.0]","[61, 46, 97.0]","[56, 78, 102.0]","[70, 23, 117.0]","[69, 26, 108.0]","[97, 82, 106.0]","[99, 103, 107.0]","[159, 90, 121.0]","[155, 90, 120.0]","[205, 116, 124.0]","[199, 92, 139.0]"
7,32,2,"[0, 96, 111.0]","[6, 96, 112.0]","[0, 93, 111.0]","[0, 56, 111.0]","[3, 90, 111.0]","[20, 59, 100.0]","[27, 97, 115.0]","[57, 42, 99.0]","[62, 109, 148.0]","[94, 29, 130.0]","[75, 56, 107.0]","[93, 68, 111.0]","[93, 93, 114.0]","[148, 52, 128.0]","[149, 88, 130.0]","[192, 87, 132.0]","[191, 93, 126.0]"
7,33,2,"[0, 30, 113.0]","[0, 36, 113.0]","[6, 24, 194.0]","[0, 37, 113.0]","[13, 89, 163.0]","[18, 43, 113.0]","[20, 72, 114.0]","[63, 42, 104.0]","[58, 92, 128.0]","[106, 36, 111.0]","[104, 37, 111.0]","[96, 54, 111.0]","[92, 79, 118.0]","[157, 42, 114.0]","[152, 86, 135.0]","[189, 45, 110.0]","[196, 92, 139.0]"
7,34,2,"[0, 15, 107.0]","[0, 49, 112.0]","[0, -10, 188.0]","[0, 52, 107.0]","[106, 41, 107.0]","[21, 54, 118.0]","[20, 22, 117.0]","[66, 30, 104.0]","[68, 24, 112.0]","[104, 37, 107.0]","[102, 26, 117.0]","[101, 43, 107.0]","[93, 66, 118.0]","[153, 30, 104.0]","[150, 78, 137.0]","[195, 91, 142.0]","[195, 91, 142.0]"
7,35,2,"[0, -9, 190.0]","[0, -8, 189.0]","[0, 75, 144.0]","[2, 34, 130.0]","[6, 44, 144.0]","[20, 4, 130.0]","[28, 40, 121.0]","[65, 55, 128.0]","[63, 56, 131.0]","[73, 56, 126.0]","[112, 7, 131.0]","[96, 49, 123.0]","[99, 22, 114.0]","[139, 53, 142.0]","[140, 56, 143.0]","[182, 80, 152.0]","[182, 80, 152.0]"
7,36,2,"[0, -12, 194.0]","[2, -11, 193.0]","[0, -10, 191.0]","[0, -8, 190.0]","[171, 44, 109.0]","[12, -10, 190.0]","[23, 27, 126.0]","[68, 48, 143.0]","[64, 48, 143.0]","[94, 51, 137.0]","[93, 50, 135.0]","[88, 14, 143.0]","[87, 35, 125.0]","[131, 34, 140.0]","[136, 16, 146.0]","[171, 55, 166.0]","[186, 45, 116.0]"
8,6,2,"[3, 57, 116.0]","[0, 60, 16.0]","[0, 53, 117.0]","[1, 63, 133.0]","[4, 57, 117.0]","[27, 60, 129.0]","[19, 15, 116.0]","[55, 79, 130.0]","[63, 4, 116.0]","[66, 99, 129.0]","[101, 8, 116.0]","[91, 49, 130.0]","[92, 24, 121.0]","[147, 48, 128.0]","[150, 44, 121.0]","[195, 46, 93.0]","[195, 46, 93.0]"
8,7,2,"[3, 61, 111.0]","[0, 65, 107.0]","[0, 56, 109.0]","[2, 67, 107.0]","[3, 42, 109.0]","[26, 65, 122.0]","[21, 21, 102.0]","[56, 83, 129.0]","[64, 13, 102.0]","[70, 100, 123.0]","[104, 27, 114.0]","[92, 63, 124.0]","[94, 37, 111.0]","[148, 68, 139.0]","[152, 49, 118.0]","[185, 72, 165.0]","[190, 51, 119.0]"
8,8,2,"[1, 65, 105.0]","[0, 69, 105.0]","[0, 55, 103.0]","[0, 71, 105.0]","[2, 50, 103.0]","[25, 73, 124.0]","[22, 31, 100.0]","[58, 86, 127.0]","[65, 30, 97.0]","[89, 100, 127.0]","[105, 51, 106.0]","[94, 75, 117.0]","[95, 51, 103.0]","[143, 91, 136.0]","[156, 53, 118.0]","[176, 60, 130.0]","[195, 52, 99.0]"
8,9,2,"[0, 81, 101.0]","[1, 81, 105.0]","[0, 71, 101.0]","[9, 82, 107.0]","[4, 59, 101.0]","[23, 85, 111.0]","[22, 45, 97.0]","[60, 89, 119.0]","[71, 50, 97.0]","[92, 93, 129.0]","[102, 80, 107.0]","[95, 90, 124.0]","[102, 60, 101.0]","[148, 111, 128.0]","[156, 59, 116.0]","[190, 92, 145.0]","[204, 51, 78.0]"
8,10,2,"[2, 104, 99.0]","[0, 107, 99.0]","[0, 101, 96.0]","[0, 116, 99.0]","[1, 84, 96.0]","[24, 104, 115.0]","[23, 66, 95.0]","[63, 106, 118.0]","[76, 64, 89.0]","[103, 108, 113.0]","[103, 97, 97.0]","[102, 101, 102.0]","[106, 73, 102.0]","[159, 120, 123.0]","[159, 65, 116.0]","[207, 130, 131.0]","[203, 54, 79.0]"
8,11,2,"[0, 135, 97.0]","[0, 138, 102.0]","[0, 116, 97.0]","[9, 141, 102.0]","[1, 110, 97.0]","[28, 127, 107.0]","[25, 89, 92.0]","[62, 126, 121.0]","[77, 82, 90.0]","[73, 135, 180.0]","[115, 102, 94.0]","[108, 120, 118.0]","[111, 93, 95.0]","[162, 134, 124.0]","[167, 82, 117.0]","[210, 132, 128.0]","[205, 60, 77.0]"
8,12,2,"[10, 153, 104.0]","[5, 157, 100.0]","[2, 150, 95.0]","[9, 157, 104.0]","[1, 134, 96.0]","[31, 145, 107.0]","[20, 110, 90.0]","[70, 153, 156.0]","[67, 97, 88.0]","[106, 164, 172.0]","[110, 98, 92.0]","[103, 135, 114.0]","[103, 113, 98.0]","[159, 142, 121.0]","[164, 114, 112.0]","[210, 133, 125.0]","[196, 80, 125.0]"
8,13,2,"[5, 168, 98.0]","[2, 172, 98.0]","[0, 164, 95.0]","[5, 168, 98.0]","[3, 149, 97.0]","[34, 161, 107.0]","[19, 124, 88.0]","[70, 176, 124.0]","[66, 109, 88.0]","[92, 201, 165.0]","[107, 109, 92.0]","[102, 147, 110.0]","[102, 127, 99.0]","[161, 147, 113.0]","[161, 141, 107.0]","[200, 130, 128.0]","[208, 130, 125.0]"
8,14,2,"[5, 183, 97.0]","[1, 187, 97.0]","[0, 179, 95.0]","[2, 187, 97.0]","[4, 163, 92.0]","[33, 176, 112.0]","[19, 140, 88.0]","[66, 194, 119.0]","[66, 125, 88.0]","[79, 222, 121.0]","[111, 133, 91.0]","[100, 159, 107.0]","[102, 141, 97.0]","[159, 147, 106.0]","[165, 162, 103.0]","[208, 133, 126.0]","[218, 164, 122.0]"
8,15,2,"[6, 199, 90.0]","[2, 203, 93.0]","[1, 195, 89.0]","[5, 198, 93.0]","[2, 180, 88.0]","[32, 187, 103.0]","[23, 157, 85.0]","[69, 202, 119.0]","[72, 146, 85.0]","[84, 229, 110.0]","[118, 165, 97.0]","[103, 177, 102.0]","[103, 155, 90.0]","[156, 159, 102.0]","[171, 174, 102.0]","[208, 134, 125.0]","[221, 179, 100.0]"
8,16,2,"[5, 218, 85.0]","[1, 221, 92.0]","[1, 215, 85.0]","[2, 215, 92.0]","[2, 196, 85.0]","[28, 197, 91.0]","[24, 177, 83.0]","[73, 207, 111.0]","[80, 175, 83.0]","[104, 224, 146.0]","[123, 203, 177.0]","[110, 196, 98.0]","[113, 179, 88.0]","[167, 203, 127.0]","[175, 185, 102.0]","[195, 162, 117.0]","[224, 179, 106.0]"
8,17,2,"[0, 236, 85.0]","[9, 230, 85.0]","[0, 228, 83.0]","[9, 231, 85.0]","[1, 224, 82.0]","[27, 213, 83.0]","[23, 201, 81.0]","[77, 220, 90.0]","[84, 218, 88.0]","[4, 225, 83.0]","[114, 244, 170.0]","[108, 216, 83.0]","[108, 195, 88.0]","[162, 233, 123.0]","[173, 193, 100.0]","[197, 210, 128.0]","[226, 181, 99.0]"
8,18,2,"[0, 270, 83.0]","[10, 258, 88.0]","[0, 258, 85.0]","[9, 258, 88.0]","[2, 252, 83.0]","[25, 235, 84.0]","[26, 231, 81.0]","[77, 239, 84.0]","[84, 236, 76.0]","[98, 247, 79.0]","[113, 270, 89.0]","[115, 229, 96.0]","[116, 212, 88.0]","[168, 249, 111.0]","[177, 202, 100.0]","[220, 255, 122.0]","[223, 182, 111.0]"
8,19,2,"[21, 297, 16.0]","[17, 302, 180.0]","[14, 296, 85.0]","[6, 282, 85.0]","[6, 282, 85.0]","[29, 263, 86.0]","[31, 259, 83.0]","[85, 260, 82.0]","[89, 258, 78.0]","[114, 274, 83.0]","[122, 278, 83.0]","[116, 251, 90.0]","[116, 234, 88.0]","[174, 266, 112.0]","[174, 222, 98.0]","[226, 263, 116.0]","[218, 188, 107.0]"
9,21,2,"[9, 268, 93.0]","[1, 270, 90.0]","[0, 266, 88.0]","[1, 288, 88.0]","[0, 288, 88.0]","[28, 308, 81.0]","[29, 291, 89.0]","[79, 299, 76.0]","[80, 279, 95.0]","[115, 266, 86.0]","[110, 263, 82.0]","[116, 298, 91.0]","[111, 281, 90.0]","[170, 282, 104.0]","[168, 270, 111.0]","[225, 326, 108.0]","[199, 288, 115.0]"
9,22,2,"[6, 251, 99.0]","[0, 253, 101.0]","[0, 248, 99.0]","[1, 270, 90.0]","[5, 252, 99.0]","[25, 288, 82.0]","[25, 274, 90.0]","[78, 292, 81.0]","[73, 263, 90.0]","[126, 287, 86.0]","[106, 237, 149.0]","[114, 273, 92.0]","[113, 265, 99.0]","[171, 244, 114.0]","[195, 292, 113.0]","[222, 277, 114.0]","[226, 269, 118.0]"
9,23,2,"[9, 228, 16.0]","[0, 230, 90.0]","[0, 225, 18.0]","[0, 247, 90.0]","[2, 269, 88.0]","[25, 263, 83.0]","[26, 255, 85.0]","[75, 284, 81.0]","[77, 247, 94.0]","[122, 285, 84.0]","[101, 217, 130.0]","[115, 260, 88.0]","[115, 262, 88.0]","[170, 224, 102.0]","[172, 270, 110.0]","[223, 220, 123.0]","[226, 275, 118.0]"
9,24,2,"[15, 205, 105.0]","[7, 205, 98.0]","[10, 203, 112.0]","[2, 219, 90.0]","[0, 218, 90.0]","[29, 237, 83.0]","[28, 234, 85.0]","[75, 252, 85.0]","[77, 236, 90.0]","[129, 253, 88.0]","[105, 208, 118.0]","[116, 240, 90.0]","[112, 255, 84.0]","[164, 211, 107.0]","[168, 255, 111.0]","[229, 198, 67.0]","[223, 273, 117.0]"
9,25,2,"[11, 183, 96.0]","[4, 183, 91.0]","[5, 179, 91.0]","[1, 196, 87.0]","[0, 195, 89.0]","[25, 213, 83.0]","[27, 226, 81.0]","[76, 212, 86.0]","[54, 126, 179.0]","[114, 202, 118.0]","[13, 202, 88.0]","[111, 216, 86.0]","[107, 234, 85.0]","[170, 194, 102.0]","[158, 222, 102.0]","[229, 197, 68.0]","[213, 261, 121.0]"
9,26,2,"[0, 169, 81.0]","[1, 168, 89.0]","[0, 164, 81.0]","[2, 180, 85.0]","[24, 212, 81.0]","[24, 195, 77.0]","[24, 212, 81.0]","[76, 172, 84.0]","[69, 216, 85.0]","[112, 140, 84.0]","[109, 123, 85.0]","[105, 206, 88.0]","[101, 217, 88.0]","[167, 189, 100.0]","[156, 198, 97.0]","[225, 198, 100.0]","[204, 225, 128.0]"
9,27,2,"[0, 154, 130.0]","[3, 147, 90.0]","[0, 153, 130.0]","[0, 158, 90.0]","[196, 177, 130.0]","[24, 176, 76.0]","[19, 198, 85.0]","[68, 146, 83.0]","[72, 201, 90.0]","[80, 106, 83.0]","[81, 107, 90.0]","[103, 194, 90.0]","[99, 207, 92.0]","[163, 184, 102.0]","[152, 175, 114.0]","[229, 197, 71.0]","[208, 183, 132.0]"
9,28,2,"[3, 139, 96.0]","[0, 139, 92.0]","[0, 135, 92.0]","[0, 134, 96.0]","[129, 307, 156.0]","[24, 160, 81.0]","[23, 184, 84.0]","[68, 132, 83.0]","[68, 188, 90.0]","[72, 96, 94.0]","[69, 101, 92.0]","[102, 176, 95.0]","[99, 191, 94.0]","[162, 176, 104.0]","[157, 164, 116.0]","[222, 195, 104.0]","[211, 155, 125.0]"
9,29,2,"[0, 131, 17.0]","[0, 133, 93.0]","[0, 133, 17.0]","[0, 135, 17.0]","[0, 134, 17.0]","[21, 148, 85.0]","[25, 173, 89.0]","[69, 128, 85.0]","[69, 172, 97.0]","[86, 100, 93.0]","[94, 146, 101.0]","[107, 156, 97.0]","[102, 176, 100.0]","[164, 148, 122.0]","[164, 156, 107.0]","[215, 187, 111.0]","[209, 156, 125.0]"
9,30,2,"[0, 121, 95.0]","[0, 123, 95.0]","[5, 113, 21.0]","[0, 131, 95.0]","[2, 132, 95.0]","[20, 133, 86.0]","[28, 161, 95.0]","[68, 126, 85.0]","[65, 153, 95.0]","[114, 114, 104.0]","[115, 108, 102.0]","[100, 139, 99.0]","[96, 161, 102.0]","[153, 117, 109.0]","[152, 153, 118.0]","[207, 153, 124.0]","[210, 154, 124.0]"
9,31,2,"[0, 101, 98.0]","[20, 104, 145.0]","[0, 117, 98.0]","[0, 116, 98.0]","[22, 140, 98.0]","[20, 116, 93.0]","[22, 140, 98.0]","[69, 122, 88.0]","[66, 138, 94.0]","[115, 123, 97.0]","[91, 118, 90.0]","[99, 127, 92.0]","[99, 148, 104.0]","[149, 97, 110.0]","[161, 150, 123.0]","[206, 106, 135.0]","[211, 154, 125.0]"
9,32,2,"[1, 71, 101.0]","[0, 72, 101.0]","[0, 67, 101.0]","[0, 91, 101.0]","[1, 71, 101.0]","[24, 99, 90.0]","[22, 119, 96.0]","[70, 105, 90.0]","[85, 141, 133.0]","[119, 106, 101.0]","[93, 91, 115.0]","[113, 101, 104.0]","[106, 132, 107.0]","[161, 88, 117.0]","[154, 135, 123.0]","[207, 84, 121.0]","[209, 153, 126.0]"
9,33,2,"[9, 52, 107.0]","[2, 55, 104.0]","[4, 48, 19.0]","[0, 66, 107.0]","[3, 44, 178.0]","[25, 75, 97.0]","[23, 100, 100.0]","[70, 75, 97.0]","[61, 108, 103.0]","[119, 67, 114.0]","[0, -12, 188.0]","[100, 90, 96.0]","[95, 112, 108.0]","[158, 76, 116.0]","[146, 111, 123.0]","[210, 84, 120.0]","[194, 140, 142.0]"
9,34,2,"[5, 38, 106.0]","[0, 34, 16.0]","[0, 34, 16.0]","[2, 34, 111.0]","[6, 27, 132.0]","[19, 65, 98.0]","[18, 82, 99.0]","[68, 52, 96.0]","[62, 59, 95.0]","[96, 22, 96.0]","[100, 20, 106.0]","[96, 80, 104.0]","[91, 94, 104.0]","[152, 71, 114.0]","[144, 89, 118.0]","[209, 84, 119.0]","[187, 111, 156.0]"
9,35,2,"[2, 22, 113.0]","[0, 20, 100.0]","[0, 19, 17.0]","[0, 18, 113.0]","[0, 19, 17.0]","[20, 50, 97.0]","[15, 65, 100.0]","[62, 31, 100.0]","[47, 44, 97.0]","[73, 4, 100.0]","[61, 22, 97.0]","[94, 70, 107.0]","[91, 75, 107.0]","[147, 68, 114.0]","[145, 67, 114.0]","[208, 83, 120.0]","[186, 74, 121.0]"
9,36,2,"[6, 11, 109.0]","[0, 14, 109.0]","[2, 8, 109.0]","[0, 30, 109.0]","[3, 6, 109.0]","[21, 37, 98.0]","[18, 55, 104.0]","[62, 21, 102.0]","[54, 63, 109.0]","[71, -11, 192.0]","[70, -6, 188.0]","[93, 54, 109.0]","[88, 69, 111.0]","[152, 60, 122.0]","[146, 51, 131.0]","[205, 83, 121.0]","[176, 54, 134.0]"
9,37,2,"[4, 4, 109.0]","[0, 6, 16.0]","[1, 0, 109.0]","[0, 18, 16.0]","[2, 1, 109.0]","[20, 30, 105.0]","[19, 45, 109.0]","[70, 7, 105.0]","[64, 41, 109.0]","[74, 27, 109.0]","[76, 26, 111.0]","[104, 41, 118.0]","[103, 60, 118.0]","[150, 41, 115.0]","[147, 55, 125.0]","[192, 66, 125.0]","[177, 53, 124.0]"
9,38,2,"[0, -9, 187.0]","[0, -8, 185.0]","[0, 33, 114.0]","[3, 37, 114.0]","[5, 35, 114.0]","[18, 11, 114.0]","[21, 34, 110.0]","[66, 12, 114.0]","[65, 11, 16.0]","[104, 4, 114.0]","[106, 4, 16.0]","[96, 45, 121.0]","[100, 19, 126.0]","[148, 48, 137.0]","[147, 45, 135.0]","[189, 51, 123.0]","[192, 29, 88.0]"
9,39,2,"[0, -12, 190.0]","[0, -8, 190.0]","[0, -10, 190.0]","[13, 33, 178.0]","[3, -9, 190.0]","[16, 11, 190.0]","[23, 8, 190.0]","[48, 29, 120.0]","[65, 7, 190.0]","[100, 15, 125.0]","[101, 16, 125.0]","[96, 33, 122.0]","[95, 7, 190.0]","[142, 42, 140.0]","[143, 13, 16.0]","[189, 49, 142.0]","[188, 49, 142.0]"
